# This file is derived from developers_affiliations.txt and so should not be edited directly.
# If you see an error, please update developers_affiliations.txt and this file will be fixed
# when regenerated.
mtD Software:
	dvdnhm: dvdnhm!users.noreply.github.com from 2015-12-01
muse:
	karstenkoenig: karsten.koenig.030!gmail.com, karstenkoenig!users.noreply.github.com until 2014-01-01
	thejoycekung: thejoycekung!users.noreply.github.com from 2018-09-01 until 2018-12-01
musikum:
	NicolaiSchmid: NicolaiSchmid!users.noreply.github.com, hey!schmid.uno, nicolai!schmid.uno, quinto0!misena.edu.co from 2019-02-01 until 2019-03-01
mut[h]ual:
	reakaleek: reakaleek!users.noreply.github.com from 2016-07-01 until 2017-06-01
mvrck-inc:
	shuji-koike: shuji-koike!users.noreply.github.com, shuji.koike!me.com
mxData:
	hamid-elaosta: hamid-elaosta!users.noreply.github.com until 2014-03-01
mxxn:
	archSeer: archseer!users.noreply.github.com, blaz.hrast!gmail.com
myCrew:
	stephrdev: stephrdev!users.noreply.github.com from 2018-06-01 until 2021-02-01
myDropWizard:
	dsnopek: dsnopek!users.noreply.github.com from 2015-07-01
myLlocal Heroes:
	eggsbenjamin: eggsbenjamin!users.noreply.github.com from 2015-10-01 until 2016-07-01
myOpenFactory:
	tobiaskohlbau: ctaminian!gmail.com, tobias!kohlbau.de, tobiaskohlbau!users.noreply.github.com from 2018-05-01
mySociety:
	chrismytton: chrismytton!gmail.com, chrismytton!users.noreply.github.com
myVR Software AS:
	olivierchatry: olivierchatry!users.noreply.github.com until 2015-05-01
myairops:
	MattJeanes: MattJeanes!users.noreply.github.com, mattjeanes23!gmail.com from 2019-09-01
mylivn:
	abbi-gaurav: abbi-gaurav!users.noreply.github.com, abbi.gaurav!gmail.com, gaurav.abbi!sap.com from 2015-07-02 until 2016-06-01
myown:
	mward29: mward29!users.noreply.github.com from 2018-06-01 until 2018-07-01
mytheresa:
	Davidonium: Davidonium!users.noreply.github.com from 2019-06-01 until 2021-03-01
	marcportabellaclotet-mt: marcportabellaclotet-mt!users.noreply.github.com from 2019-10-01 until 2022-04-01
myvision:
	ottosichert: git!ottosichert.de, ottosichert!users.noreply.github.com until 2015-11-01
myvoya:
	voyalab-temp: contact!voyalab.com
mywedding:
	kendru: kendru!users.noreply.github.com until 2014-05-01
n-fuse:
	Anonyfox: Anonyfox!users.noreply.github.com from 2016-03-01 until 2016-08-01
nCent:
	eduardonunesp: eduardonunesp!gmail.com, eduardonunesp!users.noreply.github.com, josh!mckearin.codes, tomer!tomergabel.com from 2019-10-01 until 2020-05-01
nChain:
	iangregsondev: ian!iangregson.dev from 2020-09-01
nClouds:
	ronaldour: ronaldo.ur!gmail.com, ronaldour!users.noreply.github.com from 2019-01-01
nCode:
	jorrit: jorrit!ncode.nl, jorrit!users.noreply.github.com
nFinity Studio:
	BartoszKaszewczuk: BartoszKaszewczuk!users.noreply.github.com from 2016-08-01 until 2017-09-01
nToggle:
	nivekastoreth: nivekastoreth!users.noreply.github.com from 2015-09-01 until 2017-07-01
nVisium:
	PrFalken: prfalken!users.noreply.github.com
	hex0punk: hex0punk!users.noreply.github.com from 2018-10-01 until 2020-08-01
nVoq Incorporated:
	aditya1503: aditya1503!gmail.com, aditya1503!users.noreply.github.com from 2017-05-01 until 2017-08-01
nagexiucai:
	nagexiucai: me!nagexiucai.com, nagexiucai!users.noreply.github.com
nangu:
	dosmanak: dosmanak!users.noreply.github.com from 2017-08-01 until 2021-04-01
nanographics:
	yousifd: yousifd!users.noreply.github.com from 2020-05-01 until 2020-08-01
navabi:
	ryanzidago: 46972947+ryanzidago!users.noreply.github.com, ryanzidago!users.noreply.github.com from 2018-08-01 until 2018-12-01
naviHealth:
	JaySeletz: JaySeletz!users.noreply.github.com until 2018-04-01
nbn:
	markus-mnm: markus!ebenhoeh.at, markus.mnm!gmail.com from 2014-05-01 until 2014-06-01
nbn™ Australia:
	seanson: seanson!users.noreply.github.com until 2016-01-01
nbsp:
	dominikbraun: dominikbraun!users.noreply.github.com, mail!dominikbraun.io from 2018-08-01 until 2020-06-01
ncv:
	wanjunlei: wanjunlei!users.noreply.github.com
ndustrial:
	leeallen337: leeallen337!gmail.com, leeallen337!users.noreply.github.com from 2018-01-01 until 2020-01-01
neXenio GmbH:
	Moep90: Moep90!users.noreply.github.com
nearbuy:
	eKuG: ekanshgupta.eku!gmail.com from 2019-07-01 until 2019-08-01
nearshorefriends:
	maxim-nazarenko: maxim-nazarenko!users.noreply.github.com from 2020-03-01
nemlig:
	simcax: simcax!users.noreply.github.com from 2022-02-01
neon:
	ljubon: ljubon!users.noreply.github.com from 2022-06-01
netCentrix LLC:
	paul-palmer: bpalmer.ics87!gtalumni.org from 2018-02-01
	rbucker: r2doesinc!futurehax.com, rbucker!users.noreply.github.com, richard!bucker.net, valtteri.karesto!gmail.com from 2015-05-01
networkteam:
	hlubek: hlubek!users.noreply.github.com
neu:
	User1m: User1m!users.noreply.github.com, mbembac!gmail.com from 2018-07-01
neurocode:
	donchev7: donchev7!users.noreply.github.com from 2020-02-01
newcubator:
	jansauer: jan!jansauer.de, jansauer!users.noreply.github.com from 2020-03-01
newpush:
	iskandersierra: iskander.sierra!gmail.com, iskandersierra!users.noreply.github.com from 2019-03-01 until 2021-01-01
nexB:
	balusarakesh: balusarakesh!users.noreply.github.com from 2015-06-01 until 2016-08-01
	sbs2001: sbs2001!users.noreply.github.com, shivam.sandbhor!gmail.com from 2020-08-01 until 2021-08-01
nexantic:
	leoluk: leo!leoluk.de, leoluk!users.noreply.github.com from 2019-05-01
nexocode:
	wgebis: wgebis!users.noreply.github.com from 2018-01-01
next jump:
	joeporpeglia: joeporpeglia!users.noreply.github.com until 2015-04-01
nexuzhealth:
	JeffreyVdb: jeffrey!vandenborne.co from 2019-08-01 until 2020-08-01
nfluxData:
	gaughen: gaughen!users.noreply.github.com from 2020-03-01
ng-voice:
	AbdulBasitAlvi: abdulbasit.ta!gmail.com from 2019-10-01
ngena:
	Edke: Edke!users.noreply.github.com from 2017-05-01
ngineered ltd:
	kyzh: florentin.raud!gmail.com, kyzh!users.noreply.github.com from 2015-07-01 until 2016-03-01
ngineeringDirector Of EngineeringCyberSecuriti:
	shoukathmd: shoukathali.mohammed!zemosolabs.com, shoukathmd!users.noreply.github.com from 2018-01-01 until 2019-12-01
nic.at GmbH:
	dklesev: dimitrij.klesev!nic.at, dklesev!users.noreply.github.com from 2018-04-01 until 2019-06-01
niceshops:
	floflock: flock.flo!gmail.com from 2017-02-01 until 2020-11-01
nifty:
	higebu: yuya.kusakabe!gmail.com until 2016-07-01
niolabs:
	mattdodge: mattdodge!users.noreply.github.com until 2019-07-01
nitric:
	tjholm: tjholm!users.noreply.github.com from 2020-08-01
node.energy:
	fabianallendorf: fabian.allendorf!node.energy from 2018-03-01
nodify e.U.:
	nodify-at: nodify-at!users.noreply.github.com from 2016-08-01
nok:
	mattwilkinsonn: mattwilki17!gmail.com from 2018-02-01 until 2018-08-01, from 2020-05-01 until 2020-09-01
noon:
	Matzz: Matzz!users.noreply.github.com from 2016-11-01 until 2017-05-01
	christian-schlichtherle: christian!schlichtherle.de, christian-schlichtherle!users.noreply.github.com from 2017-03-01 until 2017-05-01
	sacreman: sacreman!gmail.com, sacreman!users.noreply.github.com from 2016-11-01 until 2017-06-01
noris:
	alfanse: alex.ouzounis!solarwinds.com from 2019-01-01
	asxalex: alex.ouzounis!solarwinds.com from 2019-01-01
	damongant: alex.ouzounis!solarwinds.com from 2019-01-01
	obitech: ajknipping!mailbox.org, alex.ouzounis!solarwinds.com, obitech!users.noreply.github.com from 2019-01-01
noris network:
	AnaisUrlichs: AnaisUrlichs!users.noreply.github.com from 2016-06-01 until 2016-08-01
	anais-codefresh: anais-codefresh!users.noreply.github.com from 2016-06-01 until 2016-08-01
not disclosed:
	abh: abh!users.noreply.github.com, ask!develooper.com
not disclosed):
	monkeywithacupcake: jessachandler!gmail.com, monkeywithacupcake!users.noreply.github.com from 2018-10-01
note Co. Ltd.:
	brunocantisano: bruno.cantisano!gmail.com from 2016-01-01 until 2016-04-01
nothing:
	LuckyDogg: LuckyDogg!users.noreply.github.com from 2021-01-01
notonthehighstreet:
	Sodki: Sodki!users.noreply.github.com, henrique.rodrigues!ist.utl.pt until 2016-05-01
	detfis: detfis!gmail.com until 2014-08-01
novisto:
	MarcDufresne: MarcDufresne!users.noreply.github.com, marc.andre.dufresne!gmail.com from 2020-04-01
novofactum:
	nikai3d: nikai!nikai.net from 2017-09-01
npm Inc.:
	AnthonyWC: AnthonyWC!users.noreply.github.com from 2019-10-01
	aearly: aearly!users.noreply.github.com, alex!npmjs.com, alexander.early!gmail.com from 2017-03-01
	ahmadnassri: ahmad!ahmadnassri.com, ahmad!codeinchaos.com, ahmadnassri!users.noreply.github.com from 2019-05-01
	bcoe: bcoe!users.noreply.github.com, bencoe!gmail.com, bencoe!google.com from 2014-03-01 until 2019-03-01
	faiq: faiq!users.noreply.github.com, faiqrazarizvi!gmail.com until 2014-08-01
	isaacs: i!izs.me, isaacs!users.noreply.github.com
	nexdrew: andrew!npmjs.com, andrewbgoode!gmail.com, nexdrew!users.noreply.github.com from 2015-11-01 until 2017-02-01
	nlf: nlf!andyet.net, nlf!users.noreply.github.com, quitlahok!gmail.com from 2018-02-01
	othiym23: forrest!npmjs.com, othiym23!gmail.com, othiym23!users.noreply.github.com from 2014-04-01 until 2017-01-01
	soldair: leo386386!gmail.com, soldair!gmail.com, soldair!users.noreply.github.com from 2015-05-01 until 2018-05-01
	zeke: zeke!sikelianos.com, zeke!users.noreply.github.com
	zkat: kzm!sykosomatic.org from 2015-03-01 until 2019-07-01
	zkat: zkat!users.noreply.github.com from 2015-06-01 until 2019-07-01
npower:
	georgewilde: george!wildecreations.co.uk, georgewilde!users.noreply.github.com from 2018-06-01 until 2019-03-01
nternet Chess Club:
	nakkht: nakkht!users.noreply.github.com, pg!neqsoft.com until 2015-10-01
nthexam:
	phoenixking25: anujjangra25119!gmail.com, phoenixking25!users.noreply.github.com from 2018-06-01 until 2018-07-01
ntsn:
	grzesiek: ah.kabbany!gmail.com, coreyalix!hotmail.com, grzesiek!users.noreply.github.com, grzesiek.bizon!gmail.com, mjbauer95!gmail.com, scsu!upstarts.com from 2015-11-01 until 2017-06-01
nuWeb:
	blandger: blandger!users.noreply.github.com from 2016-09-01 until 2018-07-01
null:
	LOMOGO: LOMOGO!users.noreply.github.com
	qiushui123: 1548110942!qq.com
nulvierdrie:
	JeanMertz: JeanMertz!users.noreply.github.com, jean!mertz.fm until 2015-06-01
nurun:
	markgarrigan: mark!markgarrigan.com, markgarrigan!users.noreply.github.com from 2016-04-01
nutmountain:
	AndreasKlein: AndreasKlein!users.noreply.github.com from 2016-12-01 until 2019-01-01
nuvariant:
	trutty: trutty!users.noreply.github.com until 2017-04-01
nuvoPoint:
	larssn: larssn!users.noreply.github.com, larsstoettrup!gmail.com from 2015-08-01
nuxi:
	EdSchouten: ed!nuxi.nl from 2016-05-01
nxt Engineering:
	cimnine: cimnine!users.noreply.github.com from 2019-02-01
nœrdisch:
	hexa2k9: hexa2k9!users.noreply.github.com from 2016-06-01 until 2019-03-01
o9 Solutions:
	avinashkumar1289: avinashkumar1289!users.noreply.github.com from 2019-05-01
oDesk:
	krutsko: krutsko!users.noreply.github.com until 2015-12-01
	mar1n3r0: mar1n3r0!users.noreply.github.com until 2015-12-01
	relu: aurelcanciu!gmail.com, relu!users.noreply.github.com until 2015-05-01
oOh!:
	yuriyfilonovooh: yuriyfilonovooh!users.noreply.github.com from 2020-03-01 until 2021-05-01
oSTEM:
	travigd: travigd!users.noreply.github.com from 2021-01-01 until 2021-10-01
oTMS:
	elvis-cai: elvis-cai!users.noreply.github.com, elvis.cai!airwallex.com from 2016-07-01 until 2018-03-01
oVirt:
	tasdikrahman: prodicus!outlook.com, tasdikrahman!users.noreply.github.com from 2017-06-01 until 2017-08-01
object.io:
	rud: laust!object.io, rud!users.noreply.github.com until 2016-01-01
observIQ:
	BinaryFissionGames: BinaryFissionGames!users.noreply.github.com, binaryfissiongames!gmail.com from 2021-06-01
	JonathanWamsley: JonathanWamsley!users.noreply.github.com from 2021-05-24
	Mrod1598: Mrod1598!users.noreply.github.com from 2021-03-01
	StefanKurek: StefanKurek!users.noreply.github.com from 2022-01-10
	andykellr: andykellr!users.noreply.github.com from 2020-07-01
	armstrmi: armstrmi!users.noreply.github.com from 2022-01-19
	cpheps: cpheps!users.noreply.github.com from 2021-11-01
	dehaansa: dehaansa!gmail.com, dehaansa!users.noreply.github.com from 2021-05-01
	djaglowski: djaglowski!users.noreply.github.com from 2020-07-01
	jmwilliams89: jmwilliams89!users.noreply.github.com from 2021-07-12
	jsirianni: joe.sirianni!bluemedora.com, jsirianni!users.noreply.github.com from 2020-07-01
	schmikei: schmikei!users.noreply.github.com from 2021-10-01
ocrates Digital Video:
	HelmutLety: letalon.xavier!gmail.com from 2017-03-01 until 2019-01-01
oddEVEN:
	gionkunz: gion!syncrea.ch, gion.kunz!gmail.com, gionkunz!users.noreply.github.com from 2016-12-01 until 2017-10-01
offsite solutions:
	cruizer: hello!tamaskalman.com from 2019-09-01
okmeter.io:
	vovapi: evgrafov.vladimir!gmail.com from 2017-06-01 until 2017-12-01
omegaUp:
	rpjayasekara: rpjayasekara!users.noreply.github.com from 2019-05-01 until 2019-11-01
onXmaps:
	ryanchapman: ryan!rchapman.org, ryanchapman!users.noreply.github.com from 2016-10-01 until 2020-01-01
one:
	sarathmaf: sarathmaf!users.noreply.github.com until 2017-02-01
one.com:
	loxley: loxley!users.noreply.github.com until 2016-02-01
oneDPO:
	nareshganesan: nareshganesan!users.noreply.github.com from 2019-11-01
oneID:
	fastfrwrd: fastfrwrd!users.noreply.github.com until 2014-02-01
onefinestay:
	mattbennett: matt!bennett.name until 2015-06-01
onepoint:
	fjudith: fjudith!users.noreply.github.com from 2018-01-01
	mabouchacra: mabouchacra!users.noreply.github.com until 2015-03-01
	rbideau: rbideau!users.noreply.github.com from 2018-06-01
ooclab:
	gwind: gwind!users.noreply.github.com, gwindfree!gmail.com
ood4sure:
	nsait-linaro: niyas.sait!linaro.org, nsait-linaro!users.noreply.github.com from 2015-03-01 until 2018-10-01
oowlish:
	ianrodrigues: ianrdgs!gmail.com from 2018-06-01 until 2022-07-01
openSUSE:
	Conan-Kudo: ngompa13!gmail.com from 2015-10-01
opentargets:
	elipapa: elipapa!users.noreply.github.com
opinov8:
	dobegor: dobegor!users.noreply.github.com, georgy.dobrovolsky!gmail.com from 2021-06-01
optimyze:
	florianl: florianl!users.noreply.github.com from 2020-02-01
	rockdaboot: rockdaboot!users.noreply.github.com, tim.ruehsen!gmx.de from 2020-06-01
optobee:
	ovanes: om!dev.updatemachine.com, ovanes!users.noreply.github.com from 2016-10-01 until 2017-08-01
orgavision:
	krichter722: krichter!posteo.de, krichter722!users.noreply.github.com
otonomo:
	eladitzhakian: eladitzhakian!users.noreply.github.com from 2019-03-01 until 2020-10-01
otso.ai:
	mk-nickyang: nick.yang!otso.ai
ottonova Holding AG:
	derFunk: github!photono.de from 2016-12-01
oulu:
	rukkanen: 26740898+rukkanen!users.noreply.github.com, lapanen007!gmail.com, pajunen!synopsys.com, rukkanen!users.noreply.github.com
ownCloud Inc.:
	Jon-Schneider: jon!jonschneider.me from 2017-04-01 until 2017-12-01
	RobinMcCorkell: RobinMcCorkell!users.noreply.github.com, robin!mccorkell.me.uk from 2015-07-01 until 2015-09-01
	mrow4a: mrow4a!users.noreply.github.com, pmrowcz!gmail.com from 2016-07-01 until 2018-02-01
	tboerger: thomas!webhippie.de from 2016-12-01 until 2020-03-01
packagecloud.io:
	ice799: ice799!gmail.com from 2014-06-01
padoa:
	Fumesover: Fumesover!users.noreply.github.com from 2020-08-01 until 2021-01-01
	gturbat: gturbat!users.noreply.github.com from 2020-06-01 until 2021-01-01
	nicolas-geniteau: nicolas-geniteau!users.noreply.github.com from 2018-09-01 until 2019-10-01
paguro:
	dpinol: github!dpinol.com from 2014-08-01 until 2015-07-01
pair Networks:
	slanning: scott.lanning!booking.com, slanning!users.noreply.github.com from 2019-10-01
panagenda:
	nmeisenzahl: nmeisenzahl!users.noreply.github.com from 2016-03-01 until 2019-10-01
park it:
	phin1x: phin1x!users.noreply.github.com until 2014-12-01
parsable:
	samv: sam!vilain.net, samv!users.noreply.github.com from 2015-10-15 until 2017-02-15
payever:
	javad-hajiani: javad-hajiani!users.noreply.github.com, javad.8558!gmail.com from 2020-01-01 until 2020-07-01
paze:
	mcadam: mcadam!users.noreply.github.com from 2016-08-01 until 2016-12-01
pconline:
	regend: kanecake!qq.com
pdfFiller:
	Arhell: 26163841+arhell!users.noreply.github.com, Arhell!users.noreply.github.com from 2017-06-01 until 2020-01-01
pebble:
	bytefire: okash.khawaja!gmail.com until 2014-08-01
pen:
	xiaoyuxlu: xiaoyuxlu!users.noreply.github.com from 2018-04-01 until 2019-03-01
perfectmine:
	Perfect-Web: Perfect-Web!users.noreply.github.com, office!perfectweb.ro from 2021-01-01 until 2021-02-01
periodico Cubarte:
	mmoya: mmoya!mmoya.org, mmoya!users.noreply.github.com until 2011-01-01
personal:
	danlanxiaohei: danlanxiaohei!users.noreply.github.com, leeehui!outlook.com
pfm medical:
	rodrigo-loza-mojix: rodrigo-loza-mojix!users.noreply.github.com from 2016-11-01 until 2018-01-01
phData:
	andahme: andahme!users.noreply.github.com, andy!andah.me from 2017-07-01
	sumit-158: mr.sumitkrr!gmail.com from 2018-05-01 until 2020-07-01
photographer:
	yann-morin-1998: yann.morin.1998!free.fr from 2015-06-01 until 2016-12-01
pi4_robotics GmbH:
	torsten-schenk: torsten.schenk!zoho.com
picturemaxx:
	hamza-tumturk: hamza-tumturk!users.noreply.github.com from 2015-12-01 until 2017-04-01
pikd:
	hanneshoettinger: hannes.hoettinger!gmail.com, hanneshoettinger!users.noreply.github.com until 2017-10-01
pine:
	kxxoling: kxxoling!gmail.com, kxxoling!users.noreply.github.com
pingcap&hust:
	zyh-hust: zyh-hust!users.noreply.github.com
pintec:
	du2016: du2016!users.noreply.github.com, leave24534!gmail.com
pixitmedia:
	OrlandoArcapix: OrlandoArcapix!users.noreply.github.com from 2016-10-01
	danfoster: dan!zem.org.uk from 2018-09-01
pixiv:
	edvakf: edvakf!users.noreply.github.com until 2019-12-01
planet:
	manicminer: manicminer!users.noreply.github.com until 2018-01-01
plazz AG:
	xgleich1: daniel.gronau!fh-erfurt.de, xgleich1!gmail.com until 2016-04-01
plista:
	christhomas: chris.thomas!antimatter-studios.com, christhomas!users.noreply.github.com from 2017-12-01
	maradwan: maradwan!users.noreply.github.com from 2016-03-01 until 2018-11-01
plusserver:
	ShuzZzle: ShuzZzle!users.noreply.github.com from 2020-03-01
policygenius:
	miles-: miles-!users.noreply.github.com, miles.fricker!gmail.com
polyvations:
	andrewpollock: andrewpollock!users.noreply.github.com until 2019-01-01
poolin:
	DinoStray: DinoStray!users.noreply.github.com
pork checkoff:
	pjjw: peter!shortbus.org, peter!vine.co, peter!vineapp.com
portworx:
	harsh-px: harsh-px!users.noreply.github.com
poshaQ:
	KetulParikh: ketul93!gmail.com from 2016-06-01
praneetchandra:
	praneetchandra: praneetsahaj!gmail.com
predic8 GmbH:
	predic8: bayer!predic8.de, predic8!users.noreply.github.com
	rrayst: polley!predic8.de, rrayst!users.noreply.github.com
pressapps:
	kadimi: kadimi!users.noreply.github.com, nabil!kadimi.com until 2015-03-01
pressrelations:
	naag: naag!users.noreply.github.com until 2021-02-01
private:
	emuggie: emuggie!gmail.com
proCentric:
	marcellanz: marcellanz!users.noreply.github.com from 2014-12-01
proSapient:
	unitto1: unitto1!users.noreply.github.com from 2018-07-01 until 2020-04-01
productOps:
	ScottBrenner: ScottBrenner!users.noreply.github.com, scott!scottbrenner.me from 2017-01-01 until 2017-07-01
pronix:
	pronix: pronix.service!gmail.com
property:
	dicolasi: dicolasi!users.noreply.github.com from 2020-08-01
protoss:
	dt-rush: dt-rush!users.noreply.github.com
prudsys AG:
	alfanse: alex.ouzounis!solarwinds.com from 2017-08-01 until 2018-07-01
	asxalex: alex.ouzounis!solarwinds.com from 2017-08-01 until 2018-07-01
	damongant: alex.ouzounis!solarwinds.com from 2017-08-01 until 2018-07-01
	obitech: ajknipping!mailbox.org, alex.ouzounis!solarwinds.com, obitech!users.noreply.github.com from 2017-08-01 until 2018-07-01
pslove:
	chrishiste: chrishiste!users.noreply.github.com from 2018-04-01 until 2018-09-01
publicgarden:
	roflc0pter: roflc0pter!users.noreply.github.com from 2015-06-01 until 2015-09-01
pubstack:
	gpolaert: gpolaert!users.noreply.github.com
punchit:
	smitthakkar96: smitthakkar96!gmail.com, smitthakkar96!users.noreply.github.com from 2015-07-01 until 2016-08-01
puzl.ee:
	NikPaushkin: NikPaushkin!users.noreply.github.com from 2019-10-01
pymetrics:
	AndersonReyes: reyesanderson428!gmail.com from 2019-08-01 until 2021-02-01
qiankun:
	Shawyeok: Shawyeok!users.noreply.github.com, kmter!live.com
qingcloud:
	moyuduo: moyuduo!users.noreply.github.com
	zhu733756: zhu733756!users.noreply.github.com
qmedia:
	hanikesn: hanikesn!users.noreply.github.com, steffen.hanikel!gmail.com from 2014-02-15 until 2015-02-15
qplum:
	tirumaraiselvan: tiru!hasura.io, tirumaraiselvan!users.noreply.github.com, to.kulitsky!outlook.com from 2015-06-01 until 2016-11-01
qubIT:
	NunoPinheiro: NunoPinheiro!users.noreply.github.com until 2016-04-01
qubsup:
	qubusp: qubusp!users.noreply.github.com from 2019-03-01
quinncia:
	jihdeh: jide.b.tade!gmail.com, jihdeh!users.noreply.github.com
quintly:
	yuvalherziger: yuvalherziger!users.noreply.github.com from 2016-01-01 until 2018-02-01
qunar:
	konghui: konghui!users.noreply.github.com
qvitoo:
	haf: haf!users.noreply.github.com, henrik!haf.se, henrik!logibit.se
rMark Bio:
	arctiqjacob: arctiqjacob!users.noreply.github.com, jacob.mammoliti!arctiq.ca from 2016-05-01 until 2017-01-01
rOpenSci:
	sckott: myrmecocystus!gmail.com, sckott!users.noreply.github.com from 2014-08-01
rabe.io:
	felixrabe: felix!rabe.io, felixrabe!users.noreply.github.com from 2015-03-01
race result AG:
	tehsphinx: akath19!gmail.com, tehsphinx!users.noreply.github.com, tehsphinx!web.de from 2016-07-01
radiospiral:
	joemcmahon: joe.mcmahon!gmail.com from 2018-08-01 until 2018-10-01
randmstudio:
	markgarrigan: mark!markgarrigan.com, markgarrigan!users.noreply.github.com until 2016-04-01
raphnet technologies:
	raphnet: raph!raphnet.net
raydak:
	BlackDark: BlackDark!users.noreply.github.com from 2022-01-01
raywalker:
	27Bslash6: 27Bslash6!users.noreply.github.com, raymond.walker!greenpeace.org until 2017-08-01
rdcom:
	Eomm: Eomm!users.noreply.github.com, behemoth89!gmail.com from 2018-01-01 until 2019-07-01
rdx.net:
	pre: petrus.repo!iki.fi from 2019-01-01
re.je:
	garyedwards: garyedwards!users.noreply.github.com from 2019-09-01
re:ceeve:
	aldirrix: aldirrix!users.noreply.github.com, www.aldo.com!gmail.com from 2020-02-01 until 2020-05-01
reBu:
	lucianoqueiroz: lucianoqueiroz!users.noreply.github.com from 2019-01-01 until 2019-04-01
reBuy reCommerce GmbH:
	bjoernhaeuser: b.haeuser!rebuy.com, b.haeuser!rebuy.de, bjoernhaeuser!gmail.com, bjoernhaeuser!users.noreply.github.com
	der-eismann: der-eismann!users.noreply.github.com from 2018-11-01
	etwillbefine: etwillbefine!users.noreply.github.com from 2015-09-01 until 2016-12-01
	svenwltr: sven!wltr.eu, svenwltr!users.noreply.github.com
reDock:
	rocketraman: rocketraman!users.noreply.github.com from 2016-10-01
reRandeR:
	Tyil: Tyil!users.noreply.github.com from 2016-10-01 until 2018-09-01
real.digital:
	Bibob7: kevinkreitner!gmx.de from 2015-08-01
realityvirtual:
	polarathene: polarathene!users.noreply.github.com from 2017-08-01 until 2018-06-01
realworld-jp:
	tetuyosi: tetuyosi!users.noreply.github.com
realzeit:
	robx: rfvollmert!gmail.com, robx!users.noreply.github.com from 2014-11-01 until 2017-02-01
recruit-mp:
	ainoya: 2300438+ainoya!users.noreply.github.com, ainonic!gmail.com, ainoya!users.noreply.github.com until 2018-09-30
redBorder:
	Angelmmiguel: angel!bitnami.com until 2016-05-01
	Angelmmiguel: angelmmiguel!users.noreply.github.com from 2014-06-01 until 2016-05-01
	anarey: anarey!gmail.com from 2015-10-01 until 2016-10-01
	carrodher: carrodher!users.noreply.github.com, carrodher1179!gmail.com, crhernandez!bitnami.com from 2015-06-01 until 2016-06-01
redPanda:
	Quentinb: Quentinb!users.noreply.github.com from 2017-01-01
redWEB ApS:
	javigomez: javigomez!users.noreply.github.com until 2016-06-01
redtoo ag:
	andrey01: andrey.arapov!nixaid.com, andrey01!users.noreply.github.com until 2015-06-15
	arno01: andrey.arapov!nixaid.com, arno01!users.noreply.github.com until 2015-06-15
reebee:
	loganfuller: loganfuller!users.noreply.github.com from 2016-04-01 until 2018-06-01
reeeliance IM:
	sazonau: sazonau!users.noreply.github.com from 2019-02-01
relayr Inc.:
	anton-ryzhov: anton!ryzhov.me from 2018-01-01 until 2019-06-01
	danielsand: danielsand!users.noreply.github.com from 2016-08-01 until 2017-05-01
	guitmz: guitmz!users.noreply.github.com from 2018-02-01
	suraj2410: suraj2410!users.noreply.github.com from 2019-12-01
	survivant: survivant!users.noreply.github.com, survivant00!gmail.com from 2019-12-01
	suryagaddipati: suryagaddipati!users.noreply.github.com from 2019-12-01
	sushil97: sushil97!users.noreply.github.com from 2019-12-01
reliquid:
	agudpp: agudpp!users.noreply.github.com from 2020-02-01 until 2020-10-01
rentalcars:
	SteveJones: SteveJones!users.noreply.github.com from 2015-04-01 until 2015-10-01
repaas:
	RammusXu: RammusXu!users.noreply.github.com, comte_ken!hotmail.com from 2016-07-01
replex GmbH:
	eloyekunle: elijah.oyekunle!ehealthnigeria.org, eloyekunle!gmail.com, eloyekunle!users.noreply.github.com from 2019-08-01
resmio:
	jessicalins: jessicaalins!gmail.com from 2016-07-01 until 2017-10-01
retarus GmbH:
	mschneider82: mschneider82!users.noreply.github.com
retrain.ai:
	NightmareCinema: NightmareCinema!users.noreply.github.com from 2021-03-01
rewardStyle:
	jondavidi: jondavidi!users.noreply.github.com from 2020-03-01
rewired:
	Happycoil: Happycoil!users.noreply.github.com from 2019-10-01 until 2022-01-01
ricardo:
	chlete: chlete!users.noreply.github.com from 2017-12-01 until 2018-09-01
ricardo.ch AG:
	ledroide: ledroide!users.noreply.github.com, serge.hartmann!gmail.com from 2016-01-01 until 2017-04-01
	mazzy89: dev!mazzarino.cz, mazzy89!users.noreply.github.com from 2018-02-01 until 2018-11-01
	zioproto: saverio.proto!switch.ch, zioproto!gmail.com from 2014-10-01 until 2015-06-01
riidl:
	JigarJoshi04: JigarJoshi04!users.noreply.github.com from 2018-06-01 until 2019-03-01
rinf.tech:
	cciobanu98: cciobanu98!users.noreply.github.com from 2021-07-01 until 2022-01-01
rndity:
	apodogrocki: a.podogrocki!gmail.com, adam.podogrocki!rndity.com, apodogrocki!users.noreply.github.com from 2016-01-01
	bboozzoo: maciek.borzecki!gmail.com from 2016-07-01 until 2017-10-01
robota.ua:
	iamtodor: iamtodor!users.noreply.github.com, todor.ilya!gmail.com from 2019-02-01 until 2020-05-01
robur:
	hannesm: hannes!mehnert.org, hannesm!users.noreply.github.com
romhut.com:
	scottrobertson: scottrobertson!users.noreply.github.com until 2018-08-01
rovercode:
	cabarnes: clifton.a.barnes!gmail.com from 2017-06-01
rspective:
	damlys: damian.lysiak!gmail.com, damlys!users.noreply.github.com from 2020-01-01 until 2020-04-01
	pawelrychlik: pawelrychlik!users.noreply.github.com from 2015-09-01 until 2016-01-01
	phajduk: phajduk!users.noreply.github.com from 2015-11-01 until 2017-01-01
rtCamp:
	arush-sal: arush-sal!users.noreply.github.com, me!aru.sh
	iam404: cloos!netsandbox.de, iam404!users.noreply.github.com, mail!prabuddha.me, rjmaltamar!gmail.com, sachidanand.sharma!gmail.com from 2015-01-01 until 2016-11-01
	iamShantanu101: iamShantanu101!users.noreply.github.com from 2017-06-01 until 2018-02-01
	ishantanu: ishantanu!users.noreply.github.com, shantanud106!gmail.com from 2017-06-01 until 2018-02-01
	mbtamuli: mbtamuli!users.noreply.github.com from 2016-12-01 until 2019-07-01
rubix:
	satchinjoshi: satchinjoshi!users.noreply.github.com from 2017-03-01 until 2018-05-01
ruoshui.me:
	xiongsongsong: xiongsongsong!gmail.com
s IT Solutions:
	BostjanBozic: BostjanBozic!users.noreply.github.com from 2020-04-01
	tosmi: toni!stderr.at
s.Oliver Bernd Freier GmbH & Co. KG:
	checkelmann: checkelmann!users.noreply.github.com until 2017-05-01
sIT Solutions AT Spardat:
	muhlba91: muhlba91!users.noreply.github.com, office!niftyside.com from 2017-06-01 until 2018-08-01
sac:
	staugust: staugusto91!gmail.com until 2017-05-01
safework:
	markacola: m.cola!tlrg.com.au, mark!doomsdaytuna.com, markacola!users.noreply.github.com
salama reseau maroc:
	othmane399: othmane399!users.noreply.github.com from 2016-07-01 until 2016-08-01
salesforce:
	awgneo: awgneo!users.noreply.github.com until 2017-10-01
saloon.io:
	philipp-spiess: hello!philippspiess.com, pengxiaolong!camera360.com from 2016-11-01 until 2016-12-01
	philipp-spiess: philipp-spiess!users.noreply.github.com from 2016-10-01 until 2016-11-01
sandsiv+:
	vasily-codefresh: vasily-codefresh!users.noreply.github.com from 2021-03-01
saongroup:
	cepefernando: cepefernando!users.noreply.github.com from 2016-12-01 until 2018-03-01
satec:
	pmorillas-copado: pmorillas-copado!users.noreply.github.com until 2014-02-01
satoripop:
	radhouen: radhouen!users.noreply.github.com from 2017-03-01 until 2018-04-01
savana.cz s.r.o.:
	sopak: sopak!users.noreply.github.com until 2016-01-01
scalarlabs:
	shry15harsh: shry.harsh!gmail.com, shry15harsh!users.noreply.github.com
scanservice:
	pohorely: pohorely!users.noreply.github.com until 2017-01-01
schoeller:
	net47: net47!users.noreply.github.com until 2014-12-01
schoolhouse:
	joyliu-q: joyliu-q!users.noreply.github.com from 2021-02-01 until 2021-08-01
schuh:
	pawlean: pauline!paulinenarvas.com, pawlean!users.noreply.github.com from 2016-04-01 until 2016-09-01
science:
	mjtrangoni: mario!mariotrangoni.de, mjtrangoni!gmail.com, mjtrangoni!users.noreply.github.com until 2019-03-01
scoutbee:
	ddelange: ddelange!users.noreply.github.com from 2019-01-01 until 2021-06-01
scsk corporation:
	Kyuden: Kyuden!users.noreply.github.com, msmsms.um!gmail.com
scutech:
	wenzhixin: wenzhixin!users.noreply.github.com, wenzhixin2010!gmail.com
se-instruments:
	landley: rob!landley.net
sealyun:
	cuisongliu: cuisongliu!users.noreply.github.com, tasomaniac!gmail.com
seats.io:
	PabloNeirotti: PabloNeirotti!users.noreply.github.com from 2017-08-01
section.io Inc:
	barthoda: barthoda!users.noreply.github.com
	glennslaven: glenn!section.io, glennslaven!users.noreply.github.com
	jstangroome: jason!codeassassin.com, jason!section.io, jstangroome!users.noreply.github.com, nathanielruiz98!gmail.com, pamela.ocampo!gmail.com, yuanrq2011!126.com from 2015-09-01
secu-ring:
	AndreasMueller-SAP: AndreasMueller-SAP!users.noreply.github.com until 2018-02-01
segmentio:
	sanscontext: sanscontext!users.noreply.github.com
seo:
	ycd: ycd!users.noreply.github.com from 2020-09-01 until 2021-06-01
seqvence:
	nustiueudinastea: nustiueudinastea!users.noreply.github.com
sherserve:
	bilalmalik777: bilal_cs!outlook.com, bilalmalik777!users.noreply.github.com until 2015-01-01
shoeless consulting:
	vmbrasseur: github!vmbrasseur.com, vmb!juniper.net, vmbrasseur!users.noreply.github.com from 2017-03-01 until 2018-11-01
shopspring:
	victorquinn: mail!victorquinn.com, victor!knotel.com, victorquinn!users.noreply.github.com
shunneng:
	anjia0532: anjia0532!gmail.com, anjia0532!users.noreply.github.com
shyftplan GmbH:
	dmarcoux: danymarcoux!gmail.com, dmarcoux!users.noreply.github.com from 2017-01-01 until 2018-06-01
side8:
	tommyvn: tommyvn!users.noreply.github.com from 2020-04-01
simia.tech UG:
	phifty: phifty!users.noreply.github.com
simplabs:
	jorgelainfiesta: jorgelainfiesta!users.noreply.github.com from 2017-12-01 until 2019-03-01
	mansona: mansona!users.noreply.github.com from 2018-09-01
simplesmenteUse:
	carnei-ro: carnei-ro!users.noreply.github.com until 2018-03-01
simplesurance:
	bamarni: bamarni!users.noreply.github.com, bilal.amarni!gmail.com from 2014-09-01 until 2015-09-01
	fho: fabian.holler!simplesurance.de, fho!users.noreply.github.com, mail!fholler.de
	matej-g: 38492574+matej-g!users.noreply.github.com, matej-g!users.noreply.github.com from 2019-05-01
simpligility technologies inc:
	mosabua: manfred!simpligility.com until 2016-11-01
sina:
	wanghonglei5181: wanghonglei5181!users.noreply.github.com
sina weibo:
	sunny19930321: 923976094!qq.com, sunny19930321!users.noreply.github.com
sipgate:
	orbatschow: nils!orbat.sh from 2018-06-01 until 2018-11-01
siroop:
	Kjir: Kjir!users.noreply.github.com, stephane.bisinger!protonmail.com from 2018-02-01 until 2018-07-01
sitegeist:
	Inkdpixels: Inkdpixels!users.noreply.github.com until 2016-05-01
siteworX:
	roboll: robert.boll!datadoghq.com, robertcboll!gmail.com, roboll!users.noreply.github.com until 2014-03-01
skycloud:
	yarntime: yarntime!users.noreply.github.com
skygate:
	grzegorz-bielski: pesiok!gmail.com from 2018-02-01 until 2019-02-01
slackbot:
	aeriff: me!jarred.com.au
sloppy.io:
	jzaefferer: joern.zaefferer!gmail.com, jzaefferer!users.noreply.github.com from 2015-05-01
smallcase:
	Hunter-Thompson: Hunter-Thompson!users.noreply.github.com
	cTxplorer: cTxplorer!users.noreply.github.com, pratik.gadhiya!hotmail.com from 2020-06-01
	sachincool: sachincool!users.noreply.github.com from 2019-02-01 until 2020-11-01
smartPulse:
	anilkusc: anilkusc!users.noreply.github.com from 2019-06-01
smartSense:
	sunilkanjar: sunilkanjar!gmail.com from 2018-09-01
smartShift:
	rahulwa: rahul!rahulwa.com, rahulwa!users.noreply.github.com from 2015-08-01 until 2016-08-01
	smanikkara: sandeepm257!gmail.com from 2015-02-01 until 2016-04-01
smartive:
	buehler: buehler!users.noreply.github.com
smava:
	amalkurup89: amalkurup89!users.noreply.github.com from 2016-04-01 until 2019-07-01
smpl:
	fsniper: fsniper!users.noreply.github.com from 2015-07-01 until 2017-04-01
snapIoT:
	Sean-Holcomb: seanholcomb!gmail.com from 2017-05-01 until 2018-02-01, from 2018-08-01 until 2020-12-01
snowp:
	square: square!users.noreply.github.com
socaity:
	Harshitha1234: Harshitha1234!users.noreply.github.com from 2018-02-01 until 2019-02-01
softgarden e-recruiting:
	domfaber: domfaber!users.noreply.github.com until 2018-09-01
	iamNoah1: iamNoah1!users.noreply.github.com until 2016-04-01
softheart:
	buoto: buoto!users.noreply.github.com from 2017-03-01 until 2017-08-01
softlynx:
	softkot: softkot!gmail.com, softkot!users.noreply.github.com
softnet world:
	djha736: djha736!gmail.com, djha736!users.noreply.github.com from 2019-02-01
software-things:
	muteor: muteor!deviantart.com, muteor!users.noreply.github.com, thepope!thepopeisdead.com
sogebank:
	AdlerFleurant: AdlerFleurant!users.noreply.github.com until 2014-05-01
solarisBank:
	Krule: Krule!users.noreply.github.com, armin!pasalic.me from 2019-06-01
	pierreprinetti: pierreprinetti!users.noreply.github.com from 2017-09-01 until 2018-02-01
solarisBank AG:
	leifg: github!leif.io, leif!leif.io, leifg!users.noreply.github.com from 2016-04-01 until 2017-04-01
solinov:
	arthur0: arthur0!users.noreply.github.com, artmr!lsd.ufcg.edu.br from 2015-09-01 until 2016-08-01
solo:
	shpwrck: shpwrck!users.noreply.github.com from 2022-02-01
	willowmck: will.mckinley!solo.io from 2021-04-01
solo.io:
	murphye: murphye!users.noreply.github.com from 2021-01-01
solumsolutions:
	qcu: csutherland!gmail.com, qcu!users.noreply.github.com until 2017-01-15
solute GmbH:
	flickerfly: flickerfly!users.noreply.github.com, josiah!josiahritchie.com from 2019-06-01
	mmacfadden: mmacfadden!users.noreply.github.com until 2018-01-01
	rgarcia6520: rgarcia6520!users.noreply.github.com from 2020-01-01
solutions by stc:
	khaledkbadr: khaledkbadr!outlook.com, khaledkbadr!users.noreply.github.com from 2018-04-01 until 2019-12-01
sonostream.tv:
	philipp-spiess: hello!philippspiess.com, pengxiaolong!camera360.com from 2015-06-01 until 2016-10-01
	philipp-spiess: philipp-spiess!users.noreply.github.com from 2016-11-01 until 2016-12-01
source.kitchen:
	kuhnroyal: kuhnroyal!users.noreply.github.com, p.leibiger!codecraft.de from 2019-05-01
sourcerer:
	yandzee: yandzeek!gmail.com from 2017-07-01 until 2019-02-01
sovanta AG:
	FabianKramm: FabianKramm!users.noreply.github.com, fk!devspace.cloud from 2014-09-01 until 2016-09-01
spare usa:
	damianesteban: damian.esteban!gmail.com, damianesteban!users.noreply.github.com from 2015-12-01 until 2016-06-01
spce-python:
	yuce: yuce!users.noreply.github.com, yucetekol!gmail.com from 2019-09-01
spectralops:
	barlesh: barlesh!users.noreply.github.com
spectronet:
	644755: 644755!users.noreply.github.com until 2018-01-01
spinorX:
	spinorx: spinorx!users.noreply.github.com
spot next:
	mojo2012: meister.fuchs!gmail.com
spotahome:
	jchanam: jchanam!users.noreply.github.com
	slok: me!slok.dev, slok!users.noreply.github.com
spoud.io:
	phedoreanu: adrian.fedoreanu!gmail.com, phedoreanu!users.noreply.github.com from 2018-03-01
sprink.online:
	appunni-dishq: appunni-dishq!users.noreply.github.com from 2015-08-01 until 2015-09-01
sprylab:
	hameno: hameno!users.noreply.github.com
stafftastic:
	CiiDyR: hendrik!ciidyr.com from 2018-08-01
start-up:
	JimHume: JimHume!users.noreply.github.com from 2017-06-01 until 2018-01-01
	rbkrabbe: rbkrabbe!users.noreply.github.com from 2020-12-01
	rushiagr: rushi.agr!gmail.com, rushiagr!users.noreply.github.com from 2016-08-01 until 2017-06-01
startup:
	cdmitri: cdmitri!users.noreply.github.com from 2019-01-01
	lavahot: lavahot!gmail.com, taylor!loadiq.com from 2015-07-01 until 2016-05-01
	lwmqwer: lwmqwer!163.com, lwmqwer!users.noreply.github.com from 2021-04-01 until 2021-06-01
	miguelmota: miguelmota!users.noreply.github.com, miguelmota2!gmail.com from 2017-11-01 until 2018-06-01
	nicolapaoli: 31096144+nicolapaoli!users.noreply.github.com, nicolapaoli!users.noreply.github.com from 2017-11-01 until 2018-01-01
	othiym23: forrest!npmjs.com, othiym23!gmail.com, othiym23!users.noreply.github.com from 2018-03-01 until 2018-10-01
	tsuna: tsuna!users.noreply.github.com, tsunanet!gmail.com from 2018-01-01
startupendorphins:
	pawelrychlik: pawelrychlik!users.noreply.github.com from 2014-09-01 until 2015-09-01
startups:
	mghlaiel: mghlaiel!users.noreply.github.com from 2017-09-01 until 2019-01-01
	pavel-kurnosov: pavel-kurnosov!users.noreply.github.com from 2016-12-01 until 2020-01-01
staxter:
	AnatoliiStepaniuk: AnatoliiStepaniuk!users.noreply.github.com, anatolii.stepaniuk!gmail.com from 2018-12-01 until 2020-01-01
steadybit GmbH:
	joshiste: joshiste!users.noreply.github.com from 2019-10-01
stealth:
	UbiquitousBear: UbiquitousBear!users.noreply.github.com, shamil!shamil.co.uk from 2019-02-01 until 2019-11-01
sternenbauer GmbH:
	256dpi: 256dpi!users.noreply.github.com, joel.gaehwiler!gmail.com
sthlm.io:
	larsha: fredrik!sthlm.io, larsha!users.noreply.github.com from 2017-04-01
stickee:
	mrliptontea: mrliptontea!users.noreply.github.com from 2016-06-01 until 2019-09-01
store2be:
	peterfication: peterfication!users.noreply.github.com from 2015-06-01
storyx AG:
	crunchtime-ali: crunchtime-ali!users.noreply.github.com from 2016-03-01 until 2019-06-01
stripetree:
	gbbr: gabriel!datadog.com, gbbr!users.noreply.github.com until 2016-03-01
strongDM:
	mrtns: mrtn!nrd.io, mrtns!users.noreply.github.com from 2020-03-01 until 2021-02-01
	peteroneilljr: peteroneilljr!users.noreply.github.com from 2017-07-01 until 2020-11-01
styler mobility:
	michaelfindlater: michael.findlater!styler.link from 2018-08-01
	taxpon: taxpon!gmail.com, taxpon!users.noreply.github.com from 2018-01-01 until 2018-08-01
summitto:
	JamesWrigley: JamesWrigley!users.noreply.github.com from 2019-09-01 until 2020-12-01
sunday:
	vr: vr!users.noreply.github.com from 2021-12-01
supernode:
	akupila: akupila!gmail.com, akupila!users.noreply.github.com
swarmpit.io:
	nohaapav: nohaapav!users.noreply.github.com, pavol.noha!gmail.com from 2017-02-01
swasth:
	reetasingh: reetasingh!users.noreply.github.com, singh.reeta66!gmail.com, tim!retout.co.uk from 2015-09-01 until 2016-05-01
symphony:
	AleksandarGradina: AleksandarGradina!users.noreply.github.com from 2020-08-01 until 2021-04-01
synaigy:
	PatrickZuell: PatrickZuell!users.noreply.github.com from 2016-01-01
syncrea:
	gionkunz: gion!syncrea.ch, gion.kunz!gmail.com, gionkunz!users.noreply.github.com from 2018-12-01
syncree UG:
	md5: md5!users.noreply.github.com, mike!appropriate.io, mike!embody.org, mike.dillon!disney.com, mike.dillon!synctree.com, mike.x.dillon.-nd!disney.com from 2014-05-01 until 2015-04-01
syngenio AG:
	emonidi: emonidi!users.noreply.github.com from 2016-07-01 until 2018-08-01
sysmocom:
	laf0rge: laf0rge!users.noreply.github.com, laforge!gnumonks.org
	zecke: holger!moiji-mobile.com, holger+gh!freyther.de, zecke!users.noreply.github.com until 2016-06-01
systemli.org:
	0x46616c6b: 0x46616c6b!users.noreply.github.com, louis!systemli.org
t3go:
	yanweininenine: yanwei20200202!163.com
t8t:
	yaowenqiang: yaowenqiang!users.noreply.github.com, yaowenqiang111!163.com
tCell:
	ChunyiLyu: ChunyiLyu!users.noreply.github.com from 2015-06-01 until 2015-08-01
tabeso:
	GraysonNull: GraysonNull!users.noreply.github.com until 2016-10-01
tado:
	GautierAtWork: GautierAtWork!users.noreply.github.com, gautier.seidel!tado.com from 2016-09-01
	hug-dev: hugues.devalon!arm.com from 2016-07-01 until 2016-08-01
	locomuco: Matthias.Boesl!gmail.com, locomuco!users.noreply.github.com from 2014-12-01
tado°:
	Daemeron: Daemeron!users.noreply.github.com, dabrowskip9!gmail.com, daemeron!icloud.com from 2016-09-01
tai-dev:
	danielbryantuk: daniel.bryant!tai-dev.co.uk, danielbryantuk!users.noreply.github.com
tajawal:
	AlaaAttya: AlaaAttya!users.noreply.github.com, laurence!mediauganda.com from 2017-05-01 until 2018-09-01
	m-amr: m-amr!users.noreply.github.com, m_ma7med!hotmail.com from 2018-01-01 until 2018-08-01
talabat:
	guigo2k: guigo2k!guigo2k.com, guigo2k!users.noreply.github.com from 2019-04-01
talent::digital GmbH:
	eickler: andre.eickler!cumulocity.com, eickler!gmail.com from 2019-08-01
tamigo:
	waqasali47: waqasali47!users.noreply.github.com from 2016-09-01 until 2019-11-01
taobao:
	aspnetdb: shiyanmagic!gmail.com
tapQA:
	mr-sour: mr-sour!users.noreply.github.com from 2017-10-01 until 2018-05-01
tarent:
	bjung82: bjung82!users.noreply.github.com from 2021-02-01
tastyworks:
	joshniec: ironick09!gmail.com from 2021-10-01
taudac:
	taudac: sergej!taudac.com
tavii:
	polidog: polidogs!gmail.com from 2014-12-01 until 2018-12-01
tbz-pariv:
	guettli: guettli!users.noreply.github.com until 2020-01-01
tcp cloud:
	LotharKAtt: LotharKAtt!users.noreply.github.com from 2016-03-01 until 2016-11-01
	epcim: epcim!apealive.net, epcim!users.noreply.github.com from 2016-05-31 until 2016-10-31
	fpytloun: filip!pytloun.cz, fpytloun!users.noreply.github.com from 2015-05-01 until 2016-10-01
teach-audio:
	Alwinius: Alwinius!users.noreply.github.com until 2015-09-01
team.blue:
	hoerup: hoerup!users.noreply.github.com from 2019-08-01
teamLab / チームラボ:
	namidairo777: namidairo777!users.noreply.github.com from 2016-08-01 until 2016-09-01
teamtogether:
	snoopdouglas: snoopdouglas!users.noreply.github.com until 2015-04-01
tecent:
	hello-jianghongke: 45632685+hello-jianghongke!users.noreply.github.com, hello-jianghongke!users.noreply.github.com
tecla5:
	kristianmandrup: kristianmandrup!users.noreply.github.com from 2015-12-01 until 2018-11-01
teeWe:
	cristianoveiga: cristianoveiga!users.noreply.github.com, veiga.cristian!gmail.com until 2016-07-01
	izabelacg: igomes!vmware.com, izabelacg!users.noreply.github.com until 2015-05-01
teenage engineering:
	jsiverskog: jacob!teenage.engineering
tef-novum:
	dannyk81: dannyk81!users.noreply.github.com
tejas roofing:
	fidelcoria-aa: fidelcoria-aa!users.noreply.github.com until 2017-08-01
teleport:
	Utwo: Utwo!users.noreply.github.com
teltarif.de:
	stiller-leser: stiller-leser!users.noreply.github.com until 2014-09-01
tencent:
	Nicholaswang: Nicholaswang!users.noreply.github.com, wzhever!gmail.com
	meua: meua!users.noreply.github.com
tenxcloud:
	TinySong: tinysong1226!gmail.com
	gaozhenhai: gaozh1988!live.com, gaozhenhai!users.noreply.github.com
	huangqg: huangqg!users.noreply.github.com
tenxcloud.com:
	carolove: carolove!users.noreply.github.com, doke.hi!gmail.com from 2018-10-01 until 2020-01-01
teracyhq:
	hoatle: hoatle!users.noreply.github.com
terrafinity:
	kyanar: kyanar!users.noreply.github.com from 2015-01-01
tetralog:
	jmle: jmle!users.noreply.github.com from 2018-06-01 until 2018-09-01
the Fenway:
	JasonEtco: JasonEtco!users.noreply.github.com, jasonetco!github.com until 2014-08-01
the beget:
	DmitriyMV: DmitriyMV!users.noreply.github.com from 2016-09-01 until 2018-06-01
	PxyUp: PxyUp!users.noreply.github.com, tduble94!gmail.com from 2016-08-01 until 2018-01-01
	atarynin: v-atarynin!ebsco.com from 2016-03-01 until 2017-12-01
	killmeplz: killmeplz!users.noreply.github.com, killmeplz879!hotmail.com until 2017-09-01
the skyscraper center:
	MattiasGees: MattiasGees!users.noreply.github.com, mattias.gees!gmail.com until 2018-04-01
	SamClinckspoor: SamClinckspoor!users.noreply.github.com, sam.clinckspoor!gmail.com
	ringods: parshwamehta13!gmail.com, ringo!de-smet.name, ringods!users.noreply.github.com from 2016-08-01 until 2017-12-01
the sleekcode:
	tkellen: tkellen!users.noreply.github.com, tyler!sleekcode.net
thePlatform for Media Inc.:
	twilfong: tim!wilfong.me, twilfong!users.noreply.github.com until 2016-10-01
theScore:
	darrenclark: darrenclark!users.noreply.github.com from 2015-01-01
	rchenzheng: rchenzheng!users.noreply.github.com from 2019-12-01 until 2021-04-01
thecodefather:
	styoe: ognjen.bozickovic!gmail.com
thepracticalsysadmin:
	jmreicha: 745076680!qq.com, bukhradze.b!hotmail.com, jmreicha!users.noreply.github.com, josh.reichardt!gmail.com until 2019-05-01
think tank:
	medmedchiheb: mc.benjemaa!gmail.com, medmedchiheb!users.noreply.github.com from 2018-10-01
thinkbridge:
	shoebsd31: shoebsd31!gmail.com until 2015-11-01
thinking:
	c00kiemon5ter: c00kiemon5ter!users.noreply.github.com until 2016-12-01
thinknetcompany:
	nutchalum: nutchalum!users.noreply.github.com, nutchalum.k!gmail.com
thinkstep:
	mkulke: magnuskulke!microsoft.com, mkulke!gmail.com, mkulke!users.noreply.github.com from 2014-04-01 until 2016-06-01
thoughtbot Inc.:
	bernerdschaefer: bj.schaefer!gmail.com from 2014-09-01 until 2016-09-01
	salbertson: ascottalbertson!gmail.com, salbertson!users.noreply.github.com until 2015-07-01
	sikachu: s!sikac.hu until 2016-12-01
thyssenkrupp:
	cedrickring: cedrickring!users.noreply.github.com from 2017-05-01 until 2017-09-01
	mback2k: mback2k!users.noreply.github.com from 2017-03-01
ti&m:
	BorntraegerMarc: BorntraegerMarc!users.noreply.github.com, marc.borntraeger!gmail.com from 2015-06-01 until 2016-10-01
	MMerzinger: MMerzinger!users.noreply.github.com, marc!acloudjourney.io from 2020-04-01
	Smasherr: Smasherr!users.noreply.github.com
ticketea by Eventbrite:
	rarguelloF: rarguellof91!gmail.com from 2016-04-01 until 2017-04-01
ticketportal:
	fbeltrao: fbeltrao!users.noreply.github.com until 2017-01-01
ticketscript by Eventbrite:
	Eugst: Eugst!users.noreply.github.com from 2015-01-01 until 2016-03-01
tiket.com:
	JesusIslam: JesusIslam!users.noreply.github.com from 2018-10-01
tiko:
	mthoretton: mathieu!thoretton.com, mthoretton!users.noreply.github.com from 2020-06-01
titicacadev:
	code0x9: code0x9!gmail.com, code0x9!users.noreply.github.com, mark!titicaca-corp.com
titipbeliin:
	naufalafif: naufalafif!users.noreply.github.com from 2018-06-01 until 2019-04-01
tombola:
	craigbryson: craigbryson!users.noreply.github.com from 2018-03-01 until 2019-11-01
	sohaibmaroof: sohaib.maroof!tombola.com, sohaibmaroof!users.noreply.github.com from 2015-07-01
tooltyp:
	xocasdashdash: xocasdashdash!users.noreply.github.com from 2014-07-01 until 2015-03-01
top.legal:
	RicardoNalesAmato: ricardo.amato!tradeshift.com from 2015-10-01 until 2017-10-01
topfreegames:
	Henrod: henrique.93.rodrigues!gmail.com, henrod!users.noreply.github.com
	felipejfc: felipejfc!users.noreply.github.com, fjfcavalcanti!gmail.com
	guilhermeoki: guilherme.oki!tfgco.com, guilhermeoki!users.noreply.github.com
torre:
	davidmr: davidmr!users.noreply.github.com from 2019-02-01
traffics:
	markuman: markuman!users.noreply.github.com from 2016-03-01 until 2016-09-01
transocks:
	fregie: fregie!fregie.cn
travel audience GmbH:
	jeff-knurek: j.knurek!travelaudience.com, jeff-knurek!users.noreply.github.com from 2017-01-01
	kavehmz: k.mousavizamani!travelaudience.com, kavehmz!gmail.com, kavehmz!users.noreply.github.com, kim!smuzey.ch from 2016-07-01 until 2016-11-01, from 2017-05-01 until 2017-12-01
	norbertbuchmueller: 38939441+norbertbuchmueller!users.noreply.github.com, norbertbuchmueller!users.noreply.github.com from 2014-03-01 until 2018-04-01
	piotrkowalczuk: piotrkowalczuk!users.noreply.github.com from 2015-03-01 until 2019-04-01
travel audience GmbH - an Amadeus Company:
	psychopenguin: psychopenguin!gmail.com from 2019-06-01 until 2020-09-01
travel audience travel audience:
	albertocsm: albertocsm!users.noreply.github.com from 2018-02-01 until 2018-11-01
tray.io:
	lukaf: luka!evriala.net, lukaf!users.noreply.github.com from 2015-03-01
treasuris:
	jmptrader: jmptrader!users.noreply.github.com
tretau.net:
	ttretau: torben!tretau.net, ttretau!users.noreply.github.com
tretton37:
	henkz1: henkz1!users.noreply.github.com from 2016-01-01 until 2016-03-01
	perokvist: perokvist!users.noreply.github.com
	swehacker: patrik!patrikfalk.com from 2018-06-01 until 2018-12-01
tridonic:
	markus-becker-tridonic-com: markus-becker-tridonic-com!users.noreply.github.com
trigonon:
	mrIncompetent: henrik!henrik-schmidt.de, henrik!loodse.com, mrIncompetent!users.noreply.github.com until 2015-08-01
trippingrobot:
	coreycollins: coreyecollins!gmail.com
tripsta:
	nikakis: nikakis!users.noreply.github.com from 2017-11-01 until 2018-07-01
triptic:
	Addono: hi!aknapen.nl from 2016-12-01 until 2018-07-01
trivago:
	DerRidda: stephan.lanfermann!trivago.com
	Fleshgrinder: fleshgrinder!users.noreply.github.com from 2015-07-01 until 2019-01-01
	Gaikanomer9: Gaikanomer9!users.noreply.github.com from 2019-06-01 until 2020-10-01, from 2020-10-01
	M3t0r: M3t0r!users.noreply.github.com from 2017-04-01
	Salzian: salzian.dev!gmail.com from 2020-05-01
	Shadi: shadi.abdelfatah!gmail.com from 2017-11-01 until 2018-06-01
	arnulfojr: arnulfojr!users.noreply.github.com, arnulfojr94!gmail.com from 2015-11-01 until 2016-02-01, from 2016-04-01 until 2019-08-01
	daper: daper!users.noreply.github.com from 2020-05-01 until 2020-10-01
	ebarriosjr: ebarriosjr!users.noreply.github.com, esteban.barrios!trivago.com from 2015-06-01
	hendrikmaus: hendrikmaus!users.noreply.github.com from 2014-08-01
	kassnl09: kassnl09!users.noreply.github.com from 2016-04-01 until 2017-03-01
	perrymanuk: perrymanuk!users.noreply.github.com from 2016-01-01
	upMKuhn: Martin!Kuhn.host from 2017-08-01
trovicor:
	randytan: randytan!users.noreply.github.com from 2019-07-01
trueBE Solutions:
	marcellanz: marcellanz!users.noreply.github.com until 2014-12-01
truvid:
	oranmoshai: 12291998+oranmoshai!users.noreply.github.com from 2014-10-01 until 2016-05-01
trycourier.com Inc.:
	troygoode: troygoode!gmail.com from 2019-01-01
tsuru:
	cezarsa: cezarsa!users.noreply.github.com
tura.io:
	poopoothegorilla: poopoothegorilla!users.noreply.github.com from 2017-11-01 until 2018-11-01
tuya:
	erdun: erdun!users.noreply.github.com
twofour digitale Agentur:
	spawnia: benedikt!franke.tech, spawnia!users.noreply.github.com from 2017-01-01 until 2017-12-01
twogether:
	EmilyShepherd: EmilyShepherd!users.noreply.github.com, emily!redcoat.dev from 2017-01-01 until 2018-07-01
twostairs:
	mrusme: mrusme!users.noreply.github.com
tx:
	Peakchen: Peakchen!users.noreply.github.com
txtr:
	zeitlinger: zeitlinger!users.noreply.github.com until 2015-02-01
tālam:
	shankardevy: shankardevy!gmail.com from 2019-06-01
u-blox AG:
	aleerizw: aleerizw!gmail.com, aleerizw!users.noreply.github.com, ari!hellofresh.com, jimconn91343!gmail.com until 2014-11-01
	magnusp: magnus.e.persson!gmail.com, magnusp!users.noreply.github.com from 2018-07-01
uAfrica:
	johanmeiring: johanmeiring!gmail.com from 2015-06-01
uDesk:
	XinhaiWang: XinhaiWang!users.noreply.github.com, hxin.wang!yahoo.com from 2017-04-01 until 2017-11-01
uGly Duckling:
	mrmrcoleman: mrmrcoleman!users.noreply.github.com until 2014-07-01
uHoo Limited:
	harunurhan: harunurhan!users.noreply.github.com, harunurhan17!gmail.com from 2015-08-01 until 2015-09-01, from 2015-12-01 until 2016-01-01
uKit Business Website Builder:
	RomanSteinberg: RomanSteinberg!users.noreply.github.com from 2017-02-01 until 2018-11-01
uLabs:
	marcosborges: contato!marcosborges.com, marcosborges!users.noreply.github.com from 2016-03-01 until 2016-04-01
uMotif:
	jmwri: jmwri!users.noreply.github.com from 2021-08-01 until 2021-12-01
	marcincuber: marcincuber!users.noreply.github.com from 2019-10-01 until 2021-09-01
uServers:
	puerco: puerco!chainguard.dev, puerco!users.noreply.github.com until 2021-09-06
uShip Inc.:
	EdVinyard: EdVinyard!users.noreply.github.com until 2018-06-01
	KevM: KevM!users.noreply.github.com, crazyacking!gmail.com, jbkunst!gmail.com, scoundrel!gmail.com
	RichiCoder1: RichiCoder1!users.noreply.github.com, rsimpson!uship.com from 2018-11-01
	caugustus-ezcater: caugustus-ezcater!users.noreply.github.com, crystal.augustus!ezcater.com until 2015-07-01
	ivanmartinvalle: ivanmartinvalle!users.noreply.github.com until 2019-01-01
uStudio:
	tantona: tantona!gmail.com
uSwitch:
	ragnard: r.dahlen!gmail.com
	randomvariable: jeewan!vmware.com, naadir!randomvariable.co.uk, naadir!scalefactory.com, njeewa!heptio.com until 2015-07-01
	randomvariable: randomvariable!users.noreply.github.com until 2015-07-01
	sambooo: sambooo!users.noreply.github.com, sambroughton!gmail.com from 2018-06-01 until 2018-11-01
	surajnarwade: surajnarwade!users.noreply.github.com, surajnarwade353!gmail.com from 2018-08-01
ubble:
	Amauche: Amauche!users.noreply.github.com from 2020-01-01 until 2020-05-01
ubitricity:
	mfelsche: mfelsche!users.noreply.github.com from 2020-04-01 until 2020-09-01
uc3m:
	alcortesm: alcortesm!gmail.com, alcortesm!users.noreply.github.com until 2015-09-01
uda100.com:
	iven: iven!users.noreply.github.com, ivenvd!gmail.com from 2015-05-01 until 2016-06-01
udcredit:
	v-gu: v!vgu.io, v-gu!users.noreply.github.com from 2015-10-01 until 2016-11-01
ujet:
	demon: chadh!lumahealth.io, demon!users.noreply.github.com from 2021-04-01
undef:
	underdoeg: underdoeg!users.noreply.github.com
understand:
	fellhorn: fellhorn!users.noreply.github.com from 2017-07-01 until 2022-07-01
understand.ai:
	slashr: slashr!users.noreply.github.com from 2020-12-01
undisclosed:
	amimimor: amimimor!users.noreply.github.com from 2018-04-01 until 2019-01-01
unexpected GmbH:
	florianeichin: florianeichin!users.noreply.github.com until 2016-09-01
ungi:
	dpithon: denis.pithon!gmail.com
unifysell:
	cstaud: cstaud!users.noreply.github.com from 2017-11-01 until 2019-06-01
unite.live LLC:
	dpires: david.pires!gmail.com
united-domains:
	acim: acim!users.noreply.github.com, boban.acimovic!gmail.com, boban.acimovic!syncier.com until 2015-07-01
unknown:
	glazychev-art: glazychev-art!users.noreply.github.com from 2016-06-01 until 2018-06-01
unnado:
	hbceylan: hbceylan!users.noreply.github.com from 2015-05-01 until 2016-06-01
uplol:
	SpencerSharkey: SpencerSharkey!users.noreply.github.com, spencer!sf-n.com
upplycart:
	pokgak: m.aimanismail!gmail.com from 2021-01-01 until 2021-08-01
ushareit.com:
	yujiantao: yujiantao!users.noreply.github.com
vBlip:
	rayfoss: rayfoss!users.noreply.github.com
vLex:
	murbano83: murbano83!users.noreply.github.com until 2017-04-01
vRad:
	ivelichkovich: ivelichkovich!users.noreply.github.com until 2014-08-01
vakilsearch:
	AathithRajendran: AathithRajendran!users.noreply.github.com from 2020-09-01
valantic NL:
	mykolaichuk: mykolaichuk!users.noreply.github.com from 2019-06-01 until 2021-12-01
valsta.io:
	jorgelainfiesta: jorgelainfiesta!users.noreply.github.com until 2016-01-01
valuestream:
	rud: laust!object.io, rud!users.noreply.github.com from 2017-12-01 until 2018-08-01
various:
	jayzalowitz: jayzalowitz!users.noreply.github.com from 2015-10-01 until 2016-03-01
vectorized:
	duarten: duarte!fastmail.com from 2019-04-01 until 2019-11-01
	senior7515: gallego.alexx!gmail.com, senior7515!users.noreply.github.com from 2019-01-01
vente-privee devient Veepee:
	Kerollmops: Kerollmops!users.noreply.github.com, clement!meilisearch.com, renault.cle!gmail.com from 2017-01-01 until 2018-08-01
	alexvanboxel: alexvanboxel!users.noreply.github.com, cocobiz!126.com from 2019-01-01 until 2020-04-01
	eagleusb: eagleusb!users.noreply.github.com from 2017-10-01 until 2020-01-01
	nerzhul: nerzhul!users.noreply.github.com from 2019-04-01
veritone:
	tamsky: tamsky!users.noreply.github.com
versionpress:
	borekb: borekb!gmail.com, borekb!users.noreply.github.com
	stibi: stibi!users.noreply.github.com
vertical:
	m1pl: mihai!plasoianu.de from 2018-04-01 until 2020-05-01
vhs Saarbrücken:
	trenslow: trenslow!users.noreply.github.com from 2016-09-01 until 2017-06-01
viax:
	astelmashenko: astelmashenko!users.noreply.github.com from 2019-08-01
vidaXL:
	banpei-dbart: banpei-dbart!users.noreply.github.com from 2018-05-01 until 2019-07-01
vidible:
	moleksyuk: moleksyuk!users.noreply.github.com
viesure:
	grexe: grexe!users.noreply.github.com from 2019-07-01
vimov:
	0xAhmed: ahmed!manhag.org until 2014-06-01
vintrace:
	lichader: lichader!users.noreply.github.com from 2021-12-01
vioma GmbH:
	tehsphinx: akath19!gmail.com, tehsphinx!users.noreply.github.com, tehsphinx!web.de until 2016-07-01
viper-development:
	sils: kevincryan23!gmail.com
viplay:
	kvaster: kvaster!users.noreply.github.com from 2021-07-01
vipshop:
	wu8685: optimuswu8685!gmail.com, wu8685!users.noreply.github.com
viralkitty:
	razic: razic!users.noreply.github.com, razic!viralkitty.com
visitr:
	MarcStoecker: MarcStoecker!users.noreply.github.com from 2019-08-01 until 2021-04-01
vivo Mobile Communication Co. Ltd.:
	EddieHuangMTK: eddie.huang!mediatek.com from 2018-10-01
vjoon:
	MehrCurry: MehrCurry!users.noreply.github.com, gzockoll!gmail.com from 2015-07-01 until 2016-06-01
voestalpine SIGNALING Siershahn:
	MatthiasLohr: MatthiasLohr!users.noreply.github.com from 2017-04-01
voize:
	FabioSchmidberger: FabioSchmidberger!users.noreply.github.com from 2019-05-01
volleylabs:
	senorflor: git.push.origin!gmail.com, senorflor!users.noreply.github.com
vuzii:
	nikolasburk: nikolas.burk!gmail.com from 2015-12-01 until 2016-02-01
vyam:
	saurabhtmba2005: saurabhtmba2005!gmail.com, saurabhtmba2005!users.noreply.github.com until 2015-10-01
vyaparam:
	jawad846: jawad846!users.noreply.github.com from 2015-02-01 until 2016-02-01
warpBytes:
	borancar: boran.car!gmail.com, borancar!users.noreply.github.com from 2021-01-01
wasmCloud:
	LiamRandall: LiamRandall!users.noreply.github.com from 2019-01-01 until 2020-01-01
	autodidaddict: autodidaddict!users.noreply.github.com from 2021-07-01
wavelus:
	grzechukol: grzechukol!gmail.com, grzechukol!users.noreply.github.com
wdicc:
	wd: wd!users.noreply.github.com, wd!wdicc.com
we.trade:
	omgapuppy: omgapuppy!users.noreply.github.com from 2019-11-01
we2o:
	htimur: timur.khamrakulov!gmail.com from 2016-11-01 until 2018-05-01
we45:
	nitisuryawanshi: nitisuryawanshi!users.noreply.github.com from 2018-07-01 until 2019-12-01
weEndeavor:
	GuyPozner: GuyPozner!users.noreply.github.com from 2018-10-01 until 2020-01-01
web2com AG:
	radhouen: radhouen!users.noreply.github.com from 2015-06-01 until 2015-08-01
webAula:
	gmagella-ca: gmagella-ca!users.noreply.github.com until 2014-12-01
webRidge:
	RichardLindhout: RichardLindhout!users.noreply.github.com, richardlindhout96!gmail.com
webfactory:
	mpdude: mp!webfactory.de
webgains:
	victoru: github!victorunegbu.com, victor!unegbu.com, victoru!users.noreply.github.com
webofmars EIRL:
	fredleger: fredleger!users.noreply.github.com
webtiser:
	bygui86: bygui86!users.noreply.github.com from 2015-09-01 until 2016-11-01
	paolocarta: ing.pcarta!gmail.com, paolocarta!users.noreply.github.com until 2017-02-01
wecash:
	ermazi: ermazi!users.noreply.github.com, troy.sdu!gmail.com
	wsbmilk: wsbmilk!users.noreply.github.com
wehkamp:
	Philippus: Philippus!users.noreply.github.com, philippus!gmail.com from 2016-09-01
	amolenaar: amolenaar!users.noreply.github.com, ericschlichting!gmail.com, gaphor!gmail.com from 2016-02-01 until 2018-02-01
	idserda: jeroen.idserda!gmail.com from 2018-01-01
wehyd:
	geffzhang: geffzhang!weyhd.com
weinformatics:
	weinformatics: weinformatics!users.noreply.github.com
weixinhost:
	leeeboo: leeeboo!users.noreply.github.com
wejellyfish:
	connor1989: connor1989!users.noreply.github.com, hoehn_connor!bah.com from 2016-07-01 until 2017-08-01
wejo:
	hamza-tumturk: hamza-tumturk!users.noreply.github.com from 2019-03-01
wellcometrust:
	alexchan: alex!alexwlchan.net, alex!silverprogram.com, alexchan!users.noreply.github.com
	alexwlchan: a.chan!wellcome.ac.uk, alex!alexwlchan.net, alex.chan!metaswitch.com, alexwlchan!users.noreply.github.com
weluse:
	dennis-tra: dennis-tra!users.noreply.github.com from 2016-12-01 until 2018-01-01
weme:
	odelucca: delucca!pm.me from 2017-06-01 until 2018-08-01, from 2020-10-01
wf tech:
	VerosK: VerosK!users.noreply.github.com from 2018-01-01
whatchado:
	mbertschler: mbertschler!gmail.com, mbertschler!users.noreply.github.com
whatwedo:
	xarem: ueli!whatwedo.ch
white duck:
	AndreasM009: AndreasM009!users.noreply.github.com, andreas.mock!live.com until 2016-10-01
white duck GmbH:
	nmeisenzahl: nmeisenzahl!users.noreply.github.com from 2019-10-01
wikiwi:
	cvle: cvl!winged.kiwi, cvle!users.noreply.github.com
winchannel:
	haohaifeng002: haohaifeng002!qq.com
wisamar Bildungsgesellschaft:
	alfanse: alex.ouzounis!solarwinds.com until 2014-12-01
	asxalex: alex.ouzounis!solarwinds.com until 2014-12-01
	damongant: alex.ouzounis!solarwinds.com until 2014-12-01
	obitech: ajknipping!mailbox.org, alex.ouzounis!solarwinds.com, obitech!users.noreply.github.com until 2014-12-01
wissenswerft GmbH:
	bhurling: hurling83!gmail.com until 2015-10-01
wizard:
	julia-stripe: julia!stripe.com, julia-stripe!users.noreply.github.com from 2019-08-01
wlec white label eCommerce:
	julianhille: julian.hille!connected-health.eu, julianhille!users.noreply.github.com from 2015-10-01 until 2016-03-01
wmdb:
	hexa2k9: hexa2k9!users.noreply.github.com until 2016-06-01
wohnungshelden GmbH:
	hamzazafar: hamzazafar!users.noreply.github.com from 2018-03-01 until 2018-11-01
	tomasulo: thomaskieffer!web.de from 2018-10-01
world-direct:
	gprossliner: gprossliner!users.noreply.github.com
wso2-enterprise:
	dhananjaya-senanayake: dhana30sena!gmail.com
wundertax:
	blaubaer: blaubaer!users.noreply.github.com, gregor!noczinski.eu from 2019-09-01
wunschlösung GmbH:
	Loki-Afro: 1511314251!qq.com, Loki-Afro!users.noreply.github.com, erlang!rambocoder.com, schaum!kaffeekrone.de, sebastien.baudray!ectorparking.com
wyplay:
	jouve: acousticksan!yandex.ru, jouve!users.noreply.github.com
wywy:
	darioblanco: darioblanco!users.noreply.github.com, dblancoit!gmail.com from 2014-01-01 until 2016-02-01
	lobeck: lobeck!users.noreply.github.com from 2015-06-01 until 2017-12-01
x-cellent technologies GmbH:
	danielsogl: daniel!sogls.de, danielsogl!users.noreply.github.com, mytechde!outlook.com from 2018-09-01
x-ion GmbH:
	srenatus: s.renatus!x-ion.de, srenatus!chef.io, srenatus!users.noreply.github.com from 2014-01-01 until 2014-06-01
x7 Finland:
	htalvitie: htalvitie!users.noreply.github.com
xAd Inc.:
	AdityaGupta1: AdityaGupta1!users.noreply.github.com, adityag!gmail.com from 2017-06-01 until 2017-07-01
xCal:
	kyakan: sicilia.cristian!gmail.com from 2018-06-01
xFlow:
	AbdulBasitAlvi: abdulbasit.ta!gmail.com from 2016-04-01 until 2016-07-01
xFlow Research.com:
	ZainubW: me.zainub!gmail.com from 2019-09-01 until 2020-05-01, from 2021-02-01
	demonCoder95: demonCoder95!users.noreply.github.com from 2019-06-01 until 2021-05-01
	usamaahmadkhan: usama!stakater.com, usamaahmadkhan!users.noreply.github.com from 2017-11-01 until 2019-03-01
xFusionCorp (Virtual):
	andrescaroc: andrescaroc!gmail.com, andrescaroc!users.noreply.github.com from 2020-10-01
xMatters Inc.:
	alvinlin123: alvinlin123!users.noreply.github.com from 2016-04-01 until 2017-01-01
	nfirvine: nfirvine!nfirvine.com, nfirvine!users.noreply.github.com from 2018-05-01 until 2018-07-01
xebia.fr:
	jbonachera: jbonachera!users.noreply.github.com, jbonachera!xebia.fr
xelonic:
	malikkirchner: malikkirchner!users.noreply.github.com from 2019-06-01
xenosoftware:
	boruok: boruok!users.noreply.github.com
xgridcolo:
	teamsmiley: teamsmiley!gmail.com, teamsmiley!users.noreply.github.com
xiaomi:
	hongfeioo: 413999317!qq.com
xmspro:
	eliotohme: eliotohme!users.noreply.github.com from 2016-01-01 until 2016-10-01
xn--d1aqf.RU:
	Negashev: Negashev!users.noreply.github.com, i!negash.ru from 2017-08-01 until 2018-09-01
xongl:
	iamsdas: iamsdas!users.noreply.github.com, suryashankardas.2002!gmail.com until 2021-06-01
xplace:
	dhxgit: dhxgit!users.noreply.github.com until 2019-05-01
xrow:
	dennisxrow: dennisxrow!users.noreply.github.com
	xrow: xrow!users.noreply.github.com
xuelang-group:
	yamajik: yamajik!users.noreply.github.com
xyzmo:
	SonjaChevre: sonja.chevre!gmail.com until 2014-08-01
yTuber:
	yoshiso: yoshiso!users.noreply.github.com from 2014-12-01 until 2016-04-01
yWorks:
	zhujik: zhujik!users.noreply.github.com until 2017-03-01
yallacompare:
	hussainanjar: hussainanjar!users.noreply.github.com from 2015-09-01 until 2019-06-01
yapp.pt:
	jrluis: jrluis!gmail.com until 2015-01-01
yellow:
	amartya-ac: amartya-ac!users.noreply.github.com from 2019-05-01 until 2019-09-01
yelster:
	michael-riha: michael-riha!users.noreply.github.com from 2020-08-01
yes:
	tenhishadow: tenhishadow!users.noreply.github.com
yidianzixun:
	xingnailu: xingnailu!users.noreply.github.com, xingnailu201206!163.com
yilyak:
	bakins: bakins!rsglab.com, bakins!users.noreply.github.com, brian!akins.org, shifengchen10!gmail.com from 2015-07-15 until 2016-09-01
	danruehle: dan!yikyakapp.com, danruehle!users.noreply.github.com
ylabs:
	Laconty: laconty.r!gmail.com from 2017-07-01 until 2017-12-01
ystacks:
	jiangytcn: jiangyt.cn!gmail.com
yxli:
	liyongxin: liyongxin!users.noreply.github.com, yxli!alauda.io
yyResearch:
	BenPope: BenPope!users.noreply.github.com, benpope81!gmail.com until 2016-10-01
zalog:
	zalog: c!zalog.ro, xxxxxcata!yahoo.com, zalog!users.noreply.github.com until 2018-08-01
zapappi:
	skrusty: skrusty!users.noreply.github.com
zenzoft:
	RobinOvergaard: RobinOvergaard!users.noreply.github.com, robin!zenzoft.com until 2020-01-01
zhejianglab:
	zhuyaguang: zhuyaguang!users.noreply.github.com
zjut:
	zhuxindong: 501801307!qq.com
znly:
	QuentinPerez: QuentinPerez!users.noreply.github.com, qperez42!gmail.com
	steeve: steeve!users.noreply.github.com
zoobab:
	zoobab: zoobab!gmail.com, zoobab!users.noreply.github.com
zooplus:
	aramhakobyan: aramhakobyan!users.noreply.github.com from 2020-01-01
	kaarolch: kaarol!it-flow.pl, kaarolch!users.noreply.github.com, kchrapek!novomatic-tech.com from 2017-03-01 until 2017-12-01
	leszko: leszko!users.noreply.github.com, rafal!hazelcast.com from 2015-09-01 until 2016-07-01
	tripledes: sjr!redhat.com, tripledes!users.noreply.github.com from 2015-12-01 until 2016-05-01
zu:
	unrolled: unrolled!users.noreply.github.com until 2018-01-01
zurvu:
	Parad0X: Parad0X!users.noreply.github.com until 2014-09-01
zvelo:
	joshuarubin: joshuarubin!users.noreply.github.com, jrubin!zvelo.com
	mrobinsn: m!michaelrobinson.io from 2015-04-01 until 2017-10-01
zwibe:
	hanumanthan: hanu.sas!gmail.com, hanumanthan!users.noreply.github.com from 2015-07-01 until 2015-11-01
Árvore:
	vjunior1981: vjunior1981!users.noreply.github.com from 2019-05-01 until 2020-06-01
Åhléns AB:
	kevva: kevinmartensson!gmail.com, kevva!users.noreply.github.com from 2016-12-01 until 2018-08-01
ÅF:
	richardbrodie: richard!radagast.nu from 2019-09-01 until 2020-12-01
	rickardl: rickard.lofstrom!gmail.com from 2016-02-01 until 2017-03-01
École:
	chnyda: chnyda!users.noreply.github.com from 2014-08-01 until 2015-06-01
	jpambrun: jf.pambrun!gmail.com, jpambrun!users.noreply.github.com until 2014-12-01
École Polytechnique de Montréal:
	tuxology: suchakra!gmail.com, suchakra!shiftleft.io, suchakrapani.sharma!polymtl.ca until 2017-02-01
École de technologie supérieure (ÉTS):
	mikefaille: damoxc!gmail.com, michael!faille.io, mikefaille!users.noreply.github.com from 2014-09-15 until 2016-01-15
	richerlariviere: richerlariviere!gmail.com, richerlariviere!users.noreply.github.com from 2016-04-01 until 2017-08-01
École normale supérieure de Lyon:
	alefray: alefray!users.noreply.github.com until 2015-11-01
École pour l'Informatique et les Techniques Av:
	etiennedesign: etienne.leprette!advantys.com from 2015-08-01 until 2017-12-01
École pour l'Informatique et les Techniques Avancées:
	Rowern: Rowern!users.noreply.github.com from 2016-01-01 until 2017-01-01
	nicolas-geniteau: nicolas-geniteau!users.noreply.github.com from 2014-12-01 until 2017-11-01
Énergie Valero:
	dubuc: 4118897+dubuc!users.noreply.github.com, coldpixel!gmail.com, dubuc!users.noreply.github.com, gilles.dubuc!nuance.com from 2015-09-01 until 2016-01-01
Érudit:
	RRAlex: RRAlex!users.noreply.github.com until 2015-10-01
	pgdagenais: pdagenais!nuglif.com, pgdagenais!gmail.com, pgdagenais!users.noreply.github.com from 2015-12-01 until 2017-09-01
ÖBB - Austrian Federal Railways:
	paidhi: paidhi!mospheira.net, paidhi!users.noreply.github.com until 2015-04-01
Österreichische Staatsdruckerei:
	muhlba91: muhlba91!users.noreply.github.com, office!niftyside.com from 2018-08-01 until 2019-06-01
Österreichisches Bundesheer:
	danielsatanik: danielsatanik!users.noreply.github.com from 2016-09-01 until 2017-03-01
Øredev:
	andersjanmyr: anders!janmyr.com, andersjanmyr!users.noreply.github.com until 2019-10-01
Øresund Startup News:
	koalalorenzo: koalalorenzo!users.noreply.github.com until 2015-05-01
Ørsted:
	carlsendk: carlsendk!users.noreply.github.com until 2014-10-01
	gimlichael: gimlichael!users.noreply.github.com, michael!wbpa.dk from 2018-01-01
	larsoleruben: larsoleruben!users.noreply.github.com
	mikanyg: mikanyg!users.noreply.github.com from 2017-10-01 until 2019-07-01
	pawbana: pawbana!users.noreply.github.com, pbanaszewski!google.com from 2021-08-01
ÜMA:
	mi-kei-la: mi-kei-la!users.noreply.github.com from 2021-08-01
Über Technologies:
	jameskyle: jameskyle!users.noreply.github.com, singh.manish2508!gmail.com
ČVUT:
	kuburoman: kuburoman!users.noreply.github.com until 2017-06-01
Česká spořitelna:
	mdvorak: mdvorak!users.noreply.github.com, mikee2185!gmail.com until 2019-01-01, from 2019-06-01
İETT:
	istikamet: istikamet!users.noreply.github.com until 2017-01-01
İTÜ GNU:
	gurayyildirim: guray!gurayyildirim.com.tr, gurayyildirim!users.noreply.github.com until 2015-06-01
İleti Yönetim Sistemi:
	roadrunner: roadrunner!users.noreply.github.com from 2019-06-01
ƒ|eµℝ Query Language:
	busser: busser!users.noreply.github.com from 2016-09-01 until 2017-01-01
Ёлва:
	AndreyZamyslov: AndreyZamyslov!users.noreply.github.com from 2016-01-01
АО РТ Лабс:
	a-a-abramov: a-a-abramov!users.noreply.github.com until 2015-01-01
АО ЭР-Телеком Холдинг:
	freeseacher: freeseacher!gmail.com, freeseacher!users.noreply.github.com until 2018-09-01
АПСМАЙЛ LTD:
	yuriipolishchuk: yuriy.pol!gmail.com until 2014-04-01
Айдеко:
	socketpair: socketpair!gmail.com, socketpair!users.noreply.github.com
Айро:
	Laconty: laconty.r!gmail.com from 2017-12-01 until 2018-02-01
БИТ. ИТ-поддержка бизнеса:
	bohdantverdyi: bohdantverdyi!users.noreply.github.com from 2018-08-01 until 2019-02-01
Банк Точка:
	Aarabika: Aarabika!users.noreply.github.com from 2018-03-01
	Rast1234: Rast1234!users.noreply.github.com from 2017-11-01
Бигур-Консалтинг:
	blockspacer: blockspacer!users.noreply.github.com from 2016-06-01 until 2017-02-01
	denist-huma: denist-huma!users.noreply.github.com from 2015-12-01 until 2017-02-01
Брайтком:
	onobrod: onobrod!users.noreply.github.com until 2014-11-01
	onobrod: v.dlugopolskaya!gmail.com until 2014-11-01
Высшая Школа ЭкономикиВысшая Школа Экономики:
	arrowd: 6yearold!gmail.com, arrowd!users.noreply.github.com from 2017-09-01 until 2018-03-01
Главгосэкспертиза России:
	artarik: artarik!users.noreply.github.com from 2016-12-01 until 2022-01-01
Дневник.ру:
	varpa89: alan.h.hyneman!gmail.com, varpa89!gmail.com, varpa89!users.noreply.github.com until 2017-01-01
ИП Свиридкин Алексей Анатольевич:
	lexfrei: f!lex.la, lexfrei!users.noreply.github.com, schwan_s!hotmail.com from 2018-12-01
Идеальная цена:
	antonmarin: antonmarin!users.noreply.github.com until 2015-08-01
Индивидуальный предприниматель:
	cloudever: cloudever!users.noreply.github.com from 2019-01-01
Компания ТрастВерс:
	VPashkov: vad.pashkov!gmail.com from 2015-05-01 until 2017-05-01
Контур:
	Pliner: yury.pliner!gmail.com until 2019-03-01
	vaspahomov: vaspahomov!users.noreply.github.com from 2019-06-01 until 2019-09-01
ЛАНИТ:
	bemyak: bemyak!pm.me, bemyak!users.noreply.github.com from 2015-09-01 until 2019-05-01
	ksemaev: k.semaev!gmail.com, ksemaev!users.noreply.github.com from 2015-08-01 until 2018-07-01
ЛАНИТ - Би Пи Эм:
	bemyak: bemyak!pm.me, bemyak!users.noreply.github.com until 2015-09-01
Ледас:
	Mixaster995: avramenkomihail15!gmail.com from 2019-08-01 until 2021-04-01
МКУ:
	iceone: iceone!users.noreply.github.com until 2014-07-01
МТС:
	SergeyMuha: SergeyMuha!users.noreply.github.com until 2016-03-01
МТС Беларусь:
	knopka: knopka!users.noreply.github.com until 2015-03-01
МТС ИТ:
	bocharovf: alex.lazaris617!gmail.com, bocharovf!gmail.com, bocharovf!users.noreply.github.com, luis.martins!multiweb.pt from 2018-05-01
Маркетплейс KazanExpress:
	alikhil: alikhil!mail.ru, alikhil!users.noreply.github.com from 2017-10-01
Марс:
	enkov: enkov!users.noreply.github.com, lelouchr0!gmail.com until 2016-06-01
Мегатек:
	KSerik: KSerik!users.noreply.github.com
МедиаТех:
	smallcreep: ilia.rogozhin!gmail.com from 2014-09-01
МойОфис:
	eliminyro: eliminyro!users.noreply.github.com from 2021-08-01
НГС:
	mynameiswhm: hi!mynameiswhm.ru, mynameiswhm!users.noreply.github.com
НИСПАО:
	ppcololo: 35843703+ppcololo!users.noreply.github.com, ppcololo!users.noreply.github.com from 2017-05-01 until 2018-03-01
НПО Компо:
	shlyopin: shlyopin!yandex.ru from 2019-09-01
ОАО Банк БелВЭБ:
	VLZZZ: VLZZZ!users.noreply.github.com until 2017-02-01
ОАО ТриА:
	frantony: antonynpavlov!gmail.com
ООО «Центр ИКТ»:
	vsundupey: vsundupey!users.noreply.github.com until 2016-02-01
ООО АйТиЭм Холдинг:
	Avtandilko: Avtandilko!users.noreply.github.com from 2014-11-01 until 2015-10-01
ООО Биллинговые системы:
	demshin: demshin!gmail.com until 2015-10-01
ООО Взор Системс:
	blockspacer: blockspacer!users.noreply.github.com from 2017-08-01 until 2018-09-01
ООО Зенит торговое оборудывание:
	Valeryn4: Valeryn4!users.noreply.github.com until 2014-11-01
ООО Интеллектульная транспортная система:
	iceone: iceone!users.noreply.github.com from 2014-07-01 until 2016-04-01
ООО Компания Тензор:
	alexey-pankratyev: alexey.pankratev!gmail.com until 2016-11-01
	korzhev: korzhev_v!icloud.com from 2015-06-01 until 2017-07-01
ООО МАГ:
	lexfrei: f!lex.la, lexfrei!users.noreply.github.com, schwan_s!hotmail.com until 2014-09-01
ООО НВП ТЕКО ЛТД:
	Trubochkin: Trubochkin!users.noreply.github.com from 2015-03-01 until 2016-10-01
ООО Рекоммендер:
	alexbadm: eto.ya!list.ru from 2018-12-01 until 2019-08-01
ООО ТД Интерторг:
	Myafq: Myafq!users.noreply.github.com until 2015-11-01
ООО ТопТуБай:
	MatthewPattell: MatthewPattell!users.noreply.github.com, lukomi!mail.ru until 2016-05-01
ООО УРУС-УМНЫЕ ЦИФРОВЫЕ СЕРВИСЫ:
	lexfrei: f!lex.la, lexfrei!users.noreply.github.com, schwan_s!hotmail.com from 2017-06-01 until 2018-06-01
Объединенные аналитические системы:
	Ranger-X: Ranger-X!users.noreply.github.com from 2017-01-01
Оргтехсервис:
	alexbadm: eto.ya!list.ru until 2016-05-01
ПАО «СЗВИ»:
	YouSysAdmin: work!sysalex.com from 2015-08-01 until 2016-01-01
ПРОНИКС:
	pronix: aanand.prasad!gmail.com, pronix!users.noreply.github.com
Петер-Сервис:
	saksmt: saksmt!users.noreply.github.com, smt!saksmt.dev from 2015-07-01 until 2018-04-01
Профиткликс:
	sarbash: sarbash!users.noreply.github.com, sarbash.s!gmail.com from 2019-05-01
РАСК. ИН-АГРО:
	vinokurig: ivinokur!redhat.com until 2014-09-01
РИО Иваново:
	sentoz: sentoz!users.noreply.github.com from 2018-05-01 until 2020-09-01
Работа рунета:
	tkukushkin: tkukushkin!users.noreply.github.com from 2015-03-01 until 2016-01-01
Рекоммендер:
	alexbadm: eto.ya!list.ru from 2016-05-01 until 2018-05-01
Рокетбанк:
	v1k7g85: v1k7g85!gmail.com, v1k7g85!users.noreply.github.com from 2019-10-01
	vaamarnath: vaamarnath!users.noreply.github.com from 2019-10-01
	vad: vad!users.noreply.github.com from 2019-10-01
	vaibhav-k: vaibhav-k!users.noreply.github.com from 2019-10-01
	vaibhavrtk: vaibhav.nagpal!vonage.com from 2019-10-01
	vaibhavsood: vaibhavsood!users.noreply.github.com from 2019-10-01
	vaisov: vaisov!users.noreply.github.com from 2019-10-01
	valdar: valdar!users.noreply.github.com from 2019-10-01
Ростелеком-Solar:
	freehck-codefresh: freehck-codefresh!users.noreply.github.com from 2015-01-01 until 2018-03-01
Сайтсофт:
	Aarabika: Aarabika!users.noreply.github.com from 2017-10-01 until 2018-03-01
СберТех:
	sah4ez: sah4ez!users.noreply.github.com, sah4ez32!gmail.com from 2017-01-01 until 2017-05-01
Сигнатек:
	Chunosov: N.Chunosov!yandex.ru until 2016-12-01
ТК Череда:
	mxsavchenko: mxsavchenko!users.noreply.github.com until 2015-10-01
ТОО Архетип:
	AcoustickSan: AcoustickSan!users.noreply.github.com from 2014-12-01 until 2015-06-01
ТЭЦ-2:
	Nefelim4ag: Nefelim4ag!users.noreply.github.com, nefelim4ag!gmail.com until 2015-02-01
Укртелеком:
	Artemkulish: Artemkulish!users.noreply.github.com from 2018-02-01 until 2018-05-01
ФГУП ГлавНИВЦ Управления делами Президента Российской Федерации:
	dpotapov: dpotapov!users.noreply.github.com, potapovdaniel!gmail.com until 2017-10-01
ЦВЗ:
	viteksafronov: vitek!vitek.tomsk.ru, viteksafronov!users.noreply.github.com until 2017-05-01
Центрофинанс групп:
	livelace: livelace!users.noreply.github.com until 2015-02-01
Юлмарт ulmart.ru:
	Avtandilko: Avtandilko!users.noreply.github.com from 2017-03-01 until 2017-12-01
нет:
	saromanov: saromanov!users.noreply.github.com, xxsmotur!gmail.com from 2018-12-01
​intent:
	delwaterman: delwaterman!users.noreply.github.com until 2014-08-01
✕✕✕✕✕:
	peterbourgon: peter!bourgon.org, peterbourgon!users.noreply.github.com
うんこ:
	harai: harai!users.noreply.github.com, jharai0815!gmail.com
アイレット株式会社:
	enokawa: enokawa!users.noreply.github.com, enokawa00!gmail.com
アドソル日進（株:
	tkms0106: tkms0106!users.noreply.github.com from 2016-04-01 until 2018-12-01
インターファーム:
	h3poteto: h3poteto!users.noreply.github.com until 2015-03-01
インフォメティス株式会社:
	lx223: lx223!users.noreply.github.com from 2015-08-01 until 2015-09-01
イーシーキューブ:
	chez-shanpu: chez-shanpu!users.noreply.github.com from 2019-04-01 until 2020-03-01
エムオーテックス株式会社:
	sanposhiho: sanposhiho!users.noreply.github.com from 2019-04-01 until 2020-04-01
エンジニア(SRE):
	SatoruItaya: SatoruItaya!users.noreply.github.com from 2019-12-01 until 2021-07-01, from 2021-07-01
コンサルタントコンサルタント:
	SatoruItaya: SatoruItaya!users.noreply.github.com from 2015-04-01 until 2019-12-01
パーティーハード株式会社:
	polidog: polidogs!gmail.com from 2018-12-01
ヱヂリウム株式会社:
	katsyoshi: katsyoshi!users.noreply.github.com from 2015-09-01 until 2018-09-01
七牛云:
	ericsyh: ericshenyuhao!outlook.com, ericsyh!users.noreply.github.com, qpresley!ca.ibm.com from 2017-12-01 until 2019-04-01
	innerr: innerr!users.noreply.github.com until 2015-06-01
上海中箴网络科技有限公司:
	arischow: hello!arisc.how from 2018-08-01 until 2018-10-01
上海义为信息技术有限公司:
	JinsYin: JinsYin!users.noreply.github.com, jinsyin!gmail.com from 2016-10-01
上海优克锡企业管理顾问有限公司:
	newbe36524: newbe36524!qq.com from 2019-03-01 until 2020-01-01
上海依图网络科技有限公司:
	phenoxim: phenoxim!gmail.com from 2018-06-01 until 2020-06-01
上海奕世网络科技有限公司:
	will-beta: will-beta!users.noreply.github.com until 2016-11-01
上海安畅网络科技有限公司:
	polefishu: pole.fishu!gmail.com from 2016-07-01 until 2018-07-01
上海拓阿科技有限公司:
	newbe36524: newbe36524!qq.com from 2018-03-01 until 2019-01-01
上海数禾信息科技有限公司:
	jhaohai: jhaohai!users.noreply.github.com from 2016-02-01
上海易路软件有限公司:
	roganw: quangenw!gmail.com
上海桔尚信息科技有限公司:
	arunfung: arunfung!gmail.com from 2015-11-01
上海筑邦测控测控科技有限公司:
	lcy19870112: lcy19870112!users.noreply.github.com until 2017-03-01
上海语镜汽车信息技术有限公司:
	polefishu: pole.fishu!gmail.com from 2015-07-01 until 2016-07-01
东方云通(厦门)信息科技有限公司:
	sgalcheung: sgalcheung!users.noreply.github.com, sgalwork!outlook.com from 2019-07-01 until 2020-10-01
个体经营/自由职业:
	DorianZheng: DorianZheng!users.noreply.github.com, xingzhengde72!gmail.com, zhiquanzheng!outlook.com from 2019-05-01
中佑:
	colindev: colin1124x!gmail.com, colindev!users.noreply.github.com
中兴通讯股份有限公司:
	zhangxiaoyu-zidif: zhangxiaoyu-zidif!users.noreply.github.com, zxysjtu!gmail.com from 2014-03-01 until 2018-06-01
中国:
	mahaisong: mahaisong!hotmail.com
中科院计算所:
	xieydd: xieydd!gmail.com, xieydd!users.noreply.github.com from 2017-12-01 until 2018-05-01
中移物联网:
	system51: system51!126.com, system51!users.noreply.github.com
中软国际科技服务有限公司:
	DuanShaolong: DuanShaolong!users.noreply.github.com from 2020-04-01 until 2021-06-01
之江实验室 Zhejiang:
	peiqi-caicloud: peiqi-caicloud!users.noreply.github.com from 2020-05-01
云知声:
	xieydd: xieydd!gmail.com, xieydd!users.noreply.github.com from 2018-05-01
互联网企业:
	zhaozhiming: zhaozhiming003!gmail.com from 2015-05-01
亚信-Asiainfo 浪潮云服务(前司) 中兴云计算(前前司):
	TracyBin: TracyBin!users.noreply.github.com
亚信科技 AsiaInfo:
	yaxinlx: liuxu!asiainfo.com, yaxinlx!users.noreply.github.com
亚信科技（中国）有限公司:
	baikai: baikai!users.noreply.github.com, whitebai1986!gmail.com from 2016-03-01 until 2020-01-01
	yu2003w: yu2003w!users.noreply.github.com from 2017-07-01 until 2019-04-01
交大資工系計中:
	Sea-n: Sea-n!users.noreply.github.com, me!sean.taipei from 2020-09-01
京东:
	alpha-baby: fujianhao1997!qq.com
优维科技(深圳)有限公司:
	JLHwung: i!jhuang.me, jlhwung!users.noreply.github.com from 2017-02-01 until 2019-04-01
农信互联:
	liuyangc3: liuyangc3!users.noreply.github.com until 2019-03-01
农工商超市(集团)有限公司:
	kamasylvia: kamasylvia!users.noreply.github.com from 2019-05-01 until 2019-08-01
力扣 LeetCode:
	PsiACE: PsiACE!Outlook.com from 2020-09-01
北京:
	barnettZQG: 576501057!qq.com, barnettZQG!users.noreply.github.com
	xujiyou: xujiyou!users.noreply.github.com, xujiyou555!gmail.com
北京华亿:
	xianghu1314: 1070960076!qq.com, filipe.cantarelli!gmail.com, xianghu1314!users.noreply.github.com
北京华澄投资有限公司:
	goldenbull: goldenbull!gmail.com, goldenbull!users.noreply.github.com from 2015-10-01
北京外设天下电子商务有限公司:
	tangyanhan: tangyanhan!users.noreply.github.com from 2016-02-01 until 2016-09-01
北京奥格睿码科技有限公司:
	JLHwung: i!jhuang.me, jlhwung!users.noreply.github.com until 2017-02-01
北京奥途仕科技发展有限公司:
	smalldirector: smalldirector!users.noreply.github.com until 2014-09-01
北京惠祥和科技有限公司:
	shuoranliu: shuoranliu!gmail.com, shuoranliu!users.noreply.github.com from 2014-11-01 until 2015-09-01
北京慧达天下科技有限公司:
	cy-zheng: cy-zheng!users.noreply.github.com, zhengchenyu.backend!gmail.com from 2015-05-01 until 2017-11-01
北京某211大学:
	Escapingbug: anciety!pku.edu.cn
北京航空航天大学:
	yunfeiyanggzq: yunfeiyanggzq!users.noreply.github.com
北京首都在线科技股份有限公司:
	tifayuki: tifayuki!gmail.com, tifayuki!users.noreply.github.com from 2019-11-01
南京智人云信息技术有限公司:
	MiaoZhou: miaozhou!users.noreply.github.com, millsonzhou!gmail.com from 2018-05-01
南京满帮集团(运满满):
	wenyangchou: wenyang.chou!foxmail.com
南京矽乐信息技术有限公司:
	MiaoZhou: miaozhou!users.noreply.github.com, millsonzhou!gmail.com from 2014-10-01 until 2018-05-01
南京紫光云信息科技有限公司:
	Ghostbaby: Ghostbaby!users.noreply.github.com, zhuhuijunzhj!gmail.com until 2017-09-01
南京邮电大学:
	ahanabi: ahanabi!users.noreply.github.com
同程旅行:
	horizonzy: 1060026287!qq.com, horizonzy!users.noreply.github.com
后端开发后端开发云帆加速:
	rainingmaster: 312841925!qq.com, rainingmaster!users.noreply.github.com from 2016-12-01 until 2019-09-01
四川双水小学:
	DorianZheng: DorianZheng!users.noreply.github.com, xingzhengde72!gmail.com, zhiquanzheng!outlook.com until 2015-07-01
國立政治大學:
	Blueswen: Blueswen!users.noreply.github.com until 2017-09-01
大 矿 二 矿 三 三 矿:
	huija: huija!users.noreply.github.com, zhj3212j!outlook.com
大 鼻子 工作室.:
	wohugb: wohugb!qq.com, wohugb!users.noreply.github.com
天津南大通用数据技术股份有限公司:
	xiaosuo: xiaosuo!gmail.com from 2014-03-01 until 2015-03-01
奇虎360:
	xuri: xuri!users.noreply.github.com, xuri.me!gmail.com
学堂在线:
	huangsuoyuan: huangsuoyuan!gmail.com, huangsuoyuan!users.noreply.github.com from 2016-08-01 until 2017-06-01
富士通システム統合研究所:
	tdtds: t!tdtds.jp, tdtds!users.noreply.github.com
工藤建設株式会社:
	deg84: deg84!users.noreply.github.com until 2019-07-01
巨人网络集团有限公司:
	JinsYin: JinsYin!users.noreply.github.com, jinsyin!gmail.com from 2015-12-01 until 2016-10-01
广州YOU+投资管理有限公司:
	zgs225: i!yuez.me
广州猎犬网络科技有限公司:
	arischow: hello!arisc.how from 2016-08-01 until 2018-08-01
广州迈维自动识别有限公司:
	sgalcheung: sgalcheung!users.noreply.github.com, sgalwork!outlook.com from 2018-07-01 until 2019-04-01
广州飞特物流有限公司:
	sgalcheung: sgalcheung!users.noreply.github.com, sgalwork!outlook.com from 2021-09-01
开发工程师开发工程师成都数之联科技有限公司:
	Fine0830: fanxue0830!gmail.com until 2017-04-01
徳を積む:
	catatsuy: catatsuy!catatsuy.org
快仓:
	JianyuZhan: nasa4836!gmail.com from 2019-01-01
思華科技有限公司:
	jeff51419: jeff51419!users.noreply.github.com from 2019-09-01 until 2021-02-01
扇贝网 · Permanent:
	xiaoyuxlu: xiaoyuxlu!users.noreply.github.com until 2018-04-01
技术专家技术专家筑栈(上海)信息技术有限公司:
	hoozecn: hoozecn!users.noreply.github.com from 2018-12-01 until 2021-06-01
技术总监技术总监广东博智林机器人有限公司:
	Xianyong: Xianyong!users.noreply.github.com from 2018-09-01 until 2019-04-01
招商银行信用卡中心:
	jhaohai: jhaohai!users.noreply.github.com from 2015-04-01 until 2016-02-01
摩根士丹利:
	rentseen: rentseen!users.noreply.github.com from 2018-07-01 until 2018-09-01
政 采云 公司:
	carlos-lee: 593932998!qq.com
数人云:
	addozhang: addozhang!users.noreply.github.com, dubovetzky!me.com, duwasai!gmail.com from 2017-05-01 until 2018-02-01
数据通信科学技术研究所:
	andyzhuangyy: andyzhuangyy!users.noreply.github.com, andyzyy!gmail.com until 2015-04-01
日本ヒューレット・パッカード:
	tomotake-koike: tomotake-koike!users.noreply.github.com
暂无:
	chunnallu: chunnallu!users.noreply.github.com
曙光信息产业(北京)有限公司:
	Waret: waret!users.noreply.github.com until 2016-05-01
月と六ペンス:
	namidairo777: namidairo777!users.noreply.github.com from 2015-03-01 until 2015-06-01
杭州电子科技大学:
	xiao-jay: xiao-jay!users.noreply.github.com
杭州范乐恩科技有限公司:
	joesonw: joesonw!gmail.com, joesonw!users.noreply.github.com from 2017-10-01
极智人(北京)科技有限公司:
	yhyddr: yhyddr!users.noreply.github.com from 2018-09-01
柯达(中国)投资有限公司:
	newbe36524: newbe36524!qq.com from 2019-01-01 until 2019-03-01
株式会社 Syun:
	kaz: kaz!users.noreply.github.com from 2017-06-01
株式会社AlphaImpact:
	henry0312: tsukasa!oomo.to from 2019-06-01
株式会社HBA:
	tniita: takuya.niita!oracle.com, tniita!users.noreply.github.com until 2019-04-01
株式会社LIFULL:
	hikimochi: hikimochi!users.noreply.github.com, rhikimochi!gmail.com from 2016-04-01
	kaidotdev: kaidotdev!users.noreply.github.com from 2015-04-01
	naotospace: naotospace!users.noreply.github.com from 2018-09-01
株式会社MonotaRO:
	syou6162: syou6162!gmail.com, syou6162!users.noreply.github.com from 2021-04-01
株式会社Willings:
	deg84: deg84!users.noreply.github.com from 2019-07-01
株式会社じげん:
	h-michael: h.hata.ai.t!gmail.com until 2016-03-01
株式会社アニメイトラボ:
	ykzts: ykzts!desire.sh, ykzts!users.noreply.github.com
株式会社アンドパッド:
	tkms0106: tkms0106!users.noreply.github.com from 2019-02-01
株式会社クルーズ:
	gavinzhou: gavinzhou!users.noreply.github.com until 2015-11-01
株式会社サーバーワークス:
	marcy-terui: marcy-terui!users.noreply.github.com from 2016-08-01
株式会社スカイアーチネットワークス:
	richmondwang: 3724032+richmondwang!users.noreply.github.com, richmondwang!users.noreply.github.com from 2016-01-01 until 2018-01-01
株式会社スリーシェイク:
	tsunokawa: kenichi.tsunokawa!gmail.com from 2018-08-01
株式会社ドヴァ:
	najeira: najeira!gmail.com
株式会社ロコタビ:
	tetsuya28: tet.lv11!gmail.com, tetsuya28!users.noreply.github.com from 2019-08-01
株）はてな:
	syou6162: syou6162!gmail.com, syou6162!users.noreply.github.com from 2016-03-01 until 2021-04-01
株）リクルートジョブズ:
	leonhartX: leonhartX!users.noreply.github.com from 2015-04-01 until 2017-10-01
梯度科技:
	marviniter: marviniter!users.noreply.github.com, meijin!tiduyun.com
水滴互助:
	dataviruset: dataviruset!users.noreply.github.com from 2018-05-01 until 2019-08-01
江苏 国泰 新点 软件 公司:
	huangkaiyan10: 492218243!qq.com, huangkaiyan10!users.noreply.github.com
波罗蜜:
	lxneng: lxneng!gmail.com, lxneng!users.noreply.github.com from 2015-10-01
浙江邮电工程建设有限公司:
	xiaopeng-han: xiaopeng-han!users.noreply.github.com from 2017-09-01 until 2019-09-01
深圳市土椒科技有限公司:
	arden: arden!tujiao.com, arden!users.noreply.github.com
滴滴出行:
	findmyway: findmyway!users.noreply.github.com, tianjun.cpp!gmail.com from 2016-05-01 until 2017-08-01
滴滴出行科技有限公司:
	sighingnow: sighingnow!gmail.com, sighingnow!users.noreply.github.com from 2016-12-01 until 2017-04-01
火花思维:
	zhyErick: zhyErick!users.noreply.github.com
点我达:
	joesonw: joesonw!gmail.com, joesonw!users.noreply.github.com from 2016-08-01 until 2017-06-01
猪八戒网:
	KaleoCheng: KaleoCheng!users.noreply.github.com, kaleocheng!gmail.com from 2016-06-01 until 2018-02-01
环球市场:
	addozhang: addozhang!users.noreply.github.com, dubovetzky!me.com, duwasai!gmail.com from 2015-08-01 until 2016-07-01
	liyanhui1228: liyanhui1228!users.noreply.github.com from 2014-07-01 until 2014-09-01
環鴻科技:
	hadeschen: hadeschen!users.noreply.github.com from 2016-10-01
用友网络:
	bigsurge: stone6_leung!hotmail.com
知小白信息技术有限公司:
	xs3c: w90p710!gmail.com, xs3c!users.noreply.github.com from 2019-07-01 until 2019-09-01
研发工程师研发工程师广州杰赛科技股份有限公司:
	rainingmaster: 312841925!qq.com, rainingmaster!users.noreply.github.com until 2015-04-01
社長社長網路開源社網路開源社:
	tjjh89017: tjjh89017!hotmail.com, tjjh89017!users.noreply.github.com until 2015-09-01
福建特力惠信息科技股份有限公司:
	newbe36524: newbe36524!qq.com from 2015-01-01 until 2018-03-01
科大讯飞股份有限公司:
	JieDing: JieDing!users.noreply.github.com until 2015-06-01
空间信息产业发展股份有限公司:
	isaron: isaron!users.noreply.github.com from 2015-08-01
端点科技:
	xautjzd: xautjzd!gmail.com from 2018-07-01
系统开发工程师系统开发工程师酷狗音乐:
	rainingmaster: 312841925!qq.com, rainingmaster!users.noreply.github.com from 2015-04-01 until 2016-12-01
系统运维初级工程师系统运维初级工程师 福建新大陆软件工程有限公司:
	emperinter: hehiuzhang!gmail.com from 2021-05-01
纸喵软件:
	evildao: mail!xiaoliu.org
统信软件技术有限公司 · Permanent:
	wonleing: wonleing!163.com, wonleing!users.noreply.github.com from 2019-12-01
维沃移动通信:
	gotoxu: Jamesxql!Gmail.com
美丽中国 Teach For China:
	songjiaxun: songjiaxun!users.noreply.github.com from 2015-08-01 until 2017-07-01
美团-大众点评:
	beef9999: beef9999!users.noreply.github.com
美餐:
	wdxxl: wdxxlanswer!gmail.com from 2020-06-01
花椒直播:
	m9rco: m9rco!users.noreply.github.com from 2016-04-01 until 2017-08-01
苏州博纳讯动软件有限公司:
	Waret: waret!users.noreply.github.com from 2016-05-01
英淇（深圳）农业科技有限公司:
	sgalcheung: sgalcheung!users.noreply.github.com, sgalwork!outlook.com from 2020-12-01 until 2021-07-01
荷培信息科技(上海)有限公司:
	newbe36524: newbe36524!qq.com from 2020-01-01
融联易云:
	luanweijie: luanweijie!users.noreply.github.com, weijie.luan!outlook.com
许大仙:
	Aurorxa: 1900919313!qq.com
贝贝网 & 米折网:
	liuw1: liuw1!users.noreply.github.com from 2016-07-01 until 2017-11-01
软件开发工程师软件开发工程师深信服科技 · Permanent:
	Asphaltt: hffilwlqm!gmail.com from 2019-01-01
运维工程师运维工程师 浩鲸云计算科技股份有限公司:
	emperinter: hehiuzhang!gmail.com from 2021-01-01 until 2021-05-01
重搏国际:
	stevemao: maochenyan!gmail.com, stevemao!users.noreply.github.com
钉钉(DingTalk):
	dinggh: muggysky!gmail.com from 2014-11-01
阿里云:
	wangmj17: wangmj17!sina.com from 2016-06-01 until 2016-11-01
阿里巴巴:
	baikai: baikai!users.noreply.github.com, whitebai1986!gmail.com from 2020-01-01
	frankleaf: frankleaf!users.noreply.github.com
陆金所:
	kenvifire: kenvifire!users.noreply.github.com, mrwhite!163.com from 2014-07-01 until 2015-07-01
陌陌:
	zhenjunMa: lingfenglangshao!gmail.com, zhenjunMa!users.noreply.github.com from 2017-09-01
隆中網絡股份有限公司GameSparcs:
	AtkinsChang: AtkinsChang!users.noreply.github.com, atkinschang!gmail.com from 2015-07-01 until 2016-10-01
风河软件研发（北京）有限公司:
	shuoranliu: shuoranliu!gmail.com, shuoranliu!users.noreply.github.com until 2014-11-01
饿了么:
	Draveness: Draveness!users.noreply.github.com, i!draveness.me from 2016-01-01 until 2016-10-01
	NLMartian: nl.martian!gmail.com from 2016-03-01
香港天文台:
	RyanSiu1995: RyanSiu1995!users.noreply.github.com, ryansiu!uw.edu from 2017-01-01 until 2018-01-01
高级开发工程师高级开发工程师阿里巴巴集團:
	Fine0830: fanxue0830!gmail.com from 2017-05-01 until 2018-11-01
高级软件工程师高级软件工程师滴滴:
	Fine0830: fanxue0830!gmail.com from 2018-11-01 until 2019-10-01
高顿财经:
	zhaochenglan: zhaochenglan!users.noreply.github.com from 2014-08-01 until 2017-06-01
공개SW역량프라자:
	mrchypark: mrchypark!gmail.com, mrchypark!users.noreply.github.com, z.isakadze!gmail.com from 2016-04-01 until 2016-10-01
관세법인 스카이브릿:
	kwSeo: ruddnjs1230!gmail.com until 2016-02-01
당근마켓:
	jeongukjae: JeongUkJae!gmail.com from 2020-11-01
	nalbam: me!nalbam.com, nalbam!users.noreply.github.com from 2020-07-01
데이블(Dable):
	caffeinism: caffeinism!users.noreply.github.com from 2018-11-01 until 2021-10-01
딥노이드:
	kwSeo: ruddnjs1230!gmail.com from 2020-01-01 until 2020-02-01
서울도시가스:
	mrchypark: mrchypark!gmail.com, mrchypark!users.noreply.github.com, z.isakadze!gmail.com from 2016-10-01 until 2018-04-01
수석수석 티맥스소프트:
	w4-jaesup: w4-jaesup!users.noreply.github.com until 2015-10-01
아이티시스템즈:
	chhanz: chhanz!users.noreply.github.com until 2015-08-01
에스코어(S-Core):
	marcushyungseoklee: marcushyungseoklee!users.noreply.github.com from 2019-04-01
연세대학교 정보대학원:
	mrchypark: mrchypark!gmail.com, mrchypark!users.noreply.github.com, z.isakadze!gmail.com until 2016-02-01
옐로트래블:
	nalbam: me!nalbam.com, nalbam!users.noreply.github.com from 2015-07-01 until 2015-09-01
우림에프엠지:
	kwSeo: ruddnjs1230!gmail.com from 2018-10-01 until 2019-11-01
제이크로:
	nalbam: me!nalbam.com, nalbam!users.noreply.github.com until 2015-07-01
채널코퍼레이션:
	notetook: notetook!gmail.com, notetook!users.noreply.github.com from 2018-07-01 until 2019-10-01
카카오모빌리티(Kakaomobility):
	dehypnosis: dehypnosis!gmail.com, dehypnosis!users.noreply.github.com from 2020-11-01
카카오엔터테인먼트(Kakao Entertainment):
	ktjooho: ktjooho!users.noreply.github.com, kxjooho!gmail.com from 2020-02-01
카카오엔터프라이즈 (Kakao Enterprise):
	arisu1000: arisu1000!gmail.com, arisu1000!users.noreply.github.com from 2020-12-01
카카오페이 (kakaopay):
	caffeinism: caffeinism!users.noreply.github.com from 2021-10-01
캐스트윈:
	kwSeo: ruddnjs1230!gmail.com from 2016-11-01 until 2018-10-01
